date,avg discharge (cfs),avg discharge (m3/d)
1999-01-01 00:00:00+00:00,28.0,68504.00256
1999-01-02 00:00:00+00:00,24.0,58717.716479999995
1999-01-03 00:00:00+00:00,22.0,53824.57344
1999-01-04 00:00:00+00:00,24.0,58717.716479999995
1999-01-05 00:00:00+00:00,26.0,63610.859520000005
1999-01-06 00:00:00+00:00,24.0,58717.716479999995
1999-01-07 00:00:00+00:00,24.0,58717.716479999995
1999-01-08 00:00:00+00:00,22.0,53824.57344
1999-01-09 00:00:00+00:00,20.0,48931.4304
1999-01-10 00:00:00+00:00,20.0,48931.4304
1999-01-11 00:00:00+00:00,20.0,48931.4304
1999-01-12 00:00:00+00:00,20.0,48931.4304
1999-01-13 00:00:00+00:00,18.0,44038.28736
1999-01-14 00:00:00+00:00,20.0,48931.4304
1999-01-15 00:00:00+00:00,26.0,63610.859520000005
1999-01-16 00:00:00+00:00,24.0,58717.716479999995
1999-01-17 00:00:00+00:00,22.0,53824.57344
1999-01-18 00:00:00+00:00,24.0,58717.716479999995
1999-01-19 00:00:00+00:00,24.0,58717.716479999995
1999-01-20 00:00:00+00:00,22.0,53824.57344
1999-01-21 00:00:00+00:00,22.0,53824.57344
1999-01-22 00:00:00+00:00,22.0,53824.57344
1999-01-23 00:00:00+00:00,22.0,53824.57344
1999-01-24 00:00:00+00:00,20.0,48931.4304
1999-01-25 00:00:00+00:00,18.0,44038.28736
1999-01-26 00:00:00+00:00,24.0,58717.716479999995
1999-01-27 00:00:00+00:00,22.0,53824.57344
1999-01-28 00:00:00+00:00,24.0,58717.716479999995
1999-01-29 00:00:00+00:00,26.0,63610.859520000005
1999-01-30 00:00:00+00:00,22.0,53824.57344
1999-01-31 00:00:00+00:00,24.0,58717.716479999995
1999-02-01 00:00:00+00:00,26.0,63610.859520000005
1999-02-02 00:00:00+00:00,24.0,58717.716479999995
1999-02-03 00:00:00+00:00,26.0,63610.859520000005
1999-02-04 00:00:00+00:00,26.0,63610.859520000005
1999-02-05 00:00:00+00:00,24.0,58717.716479999995
1999-02-06 00:00:00+00:00,26.0,63610.859520000005
1999-02-07 00:00:00+00:00,28.0,68504.00256
1999-02-08 00:00:00+00:00,26.0,63610.859520000005
1999-02-09 00:00:00+00:00,30.0,73397.1456
1999-02-10 00:00:00+00:00,22.0,53824.57344
1999-02-11 00:00:00+00:00,12.0,29358.858239999998
1999-02-12 00:00:00+00:00,18.0,44038.28736
1999-02-13 00:00:00+00:00,26.0,63610.859520000005
1999-02-14 00:00:00+00:00,24.0,58717.716479999995
1999-02-15 00:00:00+00:00,22.0,53824.57344
1999-02-16 00:00:00+00:00,22.0,53824.57344
1999-02-17 00:00:00+00:00,24.0,58717.716479999995
1999-02-18 00:00:00+00:00,22.0,53824.57344
1999-02-19 00:00:00+00:00,24.0,58717.716479999995
1999-02-20 00:00:00+00:00,20.0,48931.4304
1999-02-21 00:00:00+00:00,26.0,63610.859520000005
1999-02-22 00:00:00+00:00,22.0,53824.57344
1999-02-23 00:00:00+00:00,24.0,58717.716479999995
1999-02-24 00:00:00+00:00,28.0,68504.00256
1999-02-25 00:00:00+00:00,26.0,63610.859520000005
1999-02-26 00:00:00+00:00,24.0,58717.716479999995
1999-02-27 00:00:00+00:00,22.0,53824.57344
1999-02-28 00:00:00+00:00,30.0,73397.1456
1999-03-01 00:00:00+00:00,32.0,78290.28864
1999-03-02 00:00:00+00:00,24.0,58717.716479999995
1999-03-03 00:00:00+00:00,26.0,63610.859520000005
1999-03-04 00:00:00+00:00,24.0,58717.716479999995
1999-03-05 00:00:00+00:00,22.0,53824.57344
1999-03-06 00:00:00+00:00,18.0,44038.28736
1999-03-07 00:00:00+00:00,26.0,63610.859520000005
1999-03-08 00:00:00+00:00,24.0,58717.716479999995
1999-03-09 00:00:00+00:00,24.0,58717.716479999995
1999-03-10 00:00:00+00:00,24.0,58717.716479999995
1999-03-11 00:00:00+00:00,22.0,53824.57344
1999-03-12 00:00:00+00:00,22.0,53824.57344
1999-03-13 00:00:00+00:00,24.0,58717.716479999995
1999-03-14 00:00:00+00:00,26.0,63610.859520000005
1999-03-15 00:00:00+00:00,28.0,68504.00256
1999-03-16 00:00:00+00:00,32.0,78290.28864
1999-03-17 00:00:00+00:00,30.0,73397.1456
1999-03-18 00:00:00+00:00,32.0,78290.28864
1999-03-19 00:00:00+00:00,34.0,83183.43168
1999-03-20 00:00:00+00:00,36.0,88076.57472
1999-03-21 00:00:00+00:00,40.0,97862.8608
1999-03-22 00:00:00+00:00,42.0,102756.00383999999
1999-03-23 00:00:00+00:00,44.0,107649.14688
1999-03-24 00:00:00+00:00,48.0,117435.43295999999
1999-03-25 00:00:00+00:00,55.0,134561.4336
1999-03-26 00:00:00+00:00,65.0,159027.1488
1999-03-27 00:00:00+00:00,65.0,159027.1488
1999-03-28 00:00:00+00:00,60.0,146794.2912
1999-03-29 00:00:00+00:00,55.0,134561.4336
1999-03-30 00:00:00+00:00,60.0,146794.2912
1999-03-31 00:00:00+00:00,60.0,146794.2912
1999-04-01 00:00:00+00:00,60.0,146794.2912
1999-04-02 00:00:00+00:00,55.0,134561.4336
1999-04-03 00:00:00+00:00,55.0,134561.4336
1999-04-04 00:00:00+00:00,50.0,122328.576
1999-04-05 00:00:00+00:00,50.0,122328.576
1999-04-06 00:00:00+00:00,48.0,117435.43295999999
1999-04-07 00:00:00+00:00,46.0,112542.28992000001
1999-04-08 00:00:00+00:00,55.0,134561.4336
1999-04-09 00:00:00+00:00,55.0,134561.4336
1999-04-10 00:00:00+00:00,50.0,122328.576
1999-04-11 00:00:00+00:00,55.0,134561.4336
1999-04-12 00:00:00+00:00,60.0,146794.2912
1999-04-13 00:00:00+00:00,80.0,195725.7216
1999-04-14 00:00:00+00:00,90.0,220191.4368
1999-04-15 00:00:00+00:00,95.0,232424.2944
1999-04-16 00:00:00+00:00,120.0,293588.5824
1999-04-17 00:00:00+00:00,160.0,391451.4432
1999-04-18 00:00:00+00:00,234.0,572497.7356799999
1999-04-19 00:00:00+00:00,349.0,853853.46048
1999-04-20 00:00:00+00:00,472.0,1154781.75744
1999-04-21 00:00:00+00:00,502.0,1228178.90304
1999-04-22 00:00:00+00:00,411.0,1005540.89472
1999-04-23 00:00:00+00:00,370.0,905231.4624000001
1999-04-24 00:00:00+00:00,502.0,1228178.90304
1999-04-25 00:00:00+00:00,683.0,1671008.3481599998
1999-04-26 00:00:00+00:00,887.0,2170108.93824
1999-04-27 00:00:00+00:00,821.0,2008635.21792
1999-04-28 00:00:00+00:00,585.0,1431244.3392
1999-04-29 00:00:00+00:00,434.0,1061812.03968
1999-04-30 00:00:00+00:00,412.0,1007987.46624
1999-05-01 00:00:00+00:00,657.0,1607397.48864
1999-05-02 00:00:00+00:00,861.0,2106498.0787199996
1999-05-03 00:00:00+00:00,626.0,1531553.77152
1999-05-04 00:00:00+00:00,452.0,1105850.3270400001
1999-05-05 00:00:00+00:00,363.0,888105.4617599999
1999-05-06 00:00:00+00:00,342.0,836727.45984
1999-05-07 00:00:00+00:00,468.0,1144995.4713599999
1999-05-08 00:00:00+00:00,528.0,1291789.76256
1999-05-09 00:00:00+00:00,434.0,1061812.03968
1999-05-10 00:00:00+00:00,371.0,907678.03392
1999-05-11 00:00:00+00:00,357.0,873426.03264
1999-05-12 00:00:00+00:00,421.0,1030006.6099200001
1999-05-13 00:00:00+00:00,481.0,1176800.90112
1999-05-14 00:00:00+00:00,414.0,1012880.6092799999
1999-05-15 00:00:00+00:00,382.0,934590.3206399999
1999-05-16 00:00:00+00:00,409.0,1000647.7516799999
1999-05-17 00:00:00+00:00,536.0,1311362.3347200002
1999-05-18 00:00:00+00:00,967.0,2365834.65984
1999-05-19 00:00:00+00:00,1290.0,3156077.2608
1999-05-20 00:00:00+00:00,1420.0,3474131.5584
1999-05-21 00:00:00+00:00,1860.0,4550623.027199999
1999-05-22 00:00:00+00:00,2080.0,5088868.7616
1999-05-23 00:00:00+00:00,2380.0,5822840.2176
1999-05-24 00:00:00+00:00,2930.0,7168454.553599999
1999-05-25 00:00:00+00:00,3230.0,7902426.0095999995
1999-05-26 00:00:00+00:00,3240.0,7926891.7248
1999-05-27 00:00:00+00:00,2760.0,6752537.3952
1999-05-28 00:00:00+00:00,2930.0,7168454.553599999
1999-05-29 00:00:00+00:00,3240.0,7926891.7248
1999-05-30 00:00:00+00:00,2430.0,5945168.7936
1999-05-31 00:00:00+00:00,1740.0,4257034.4448
1999-06-01 00:00:00+00:00,2170.0,5309060.1984
1999-06-02 00:00:00+00:00,2080.0,5088868.7616
1999-06-03 00:00:00+00:00,1720.0,4208103.0144
1999-06-04 00:00:00+00:00,2510.0,6140894.5152
1999-06-05 00:00:00+00:00,2520.0,6165360.2304
1999-06-06 00:00:00+00:00,2220.0,5431388.7743999995
1999-06-07 00:00:00+00:00,1850.0,4526157.312
1999-06-08 00:00:00+00:00,1470.0,3596460.1344
1999-06-09 00:00:00+00:00,1060.0,2593365.8112
1999-06-10 00:00:00+00:00,1140.0,2789091.5327999997
1999-06-11 00:00:00+00:00,1580.0,3865583.0016
1999-06-12 00:00:00+00:00,1950.0,4770814.464
1999-06-13 00:00:00+00:00,2210.0,5406923.0592
1999-06-14 00:00:00+00:00,2140.0,5235663.0528
1999-06-15 00:00:00+00:00,2590.0,6336620.2368
1999-06-16 00:00:00+00:00,2430.0,5945168.7936
1999-06-17 00:00:00+00:00,2350.0,5749443.072
1999-06-18 00:00:00+00:00,2450.0,5994100.223999999
1999-06-19 00:00:00+00:00,2190.0,5357991.6288
1999-06-20 00:00:00+00:00,1800.0,4403828.736
1999-06-21 00:00:00+00:00,1670.0,4085774.4384000003
1999-06-22 00:00:00+00:00,1430.0,3498597.2736
1999-06-23 00:00:00+00:00,1350.0,3302871.552
1999-06-24 00:00:00+00:00,1280.0,3131611.5456
1999-06-25 00:00:00+00:00,1310.0,3205008.6912
1999-06-26 00:00:00+00:00,917.0,2243506.08384
1999-06-27 00:00:00+00:00,804.0,1967043.50208
1999-06-28 00:00:00+00:00,754.0,1844714.92608
1999-06-29 00:00:00+00:00,777.0,1900986.07104
1999-06-30 00:00:00+00:00,817.0,1998848.93184
1999-07-01 00:00:00+00:00,772.0,1888753.2134399998
1999-07-02 00:00:00+00:00,655.0,1602504.3456
1999-07-03 00:00:00+00:00,568.0,1389652.62336
1999-07-04 00:00:00+00:00,531.0,1299129.47712
1999-07-05 00:00:00+00:00,470.0,1149888.6143999998
1999-07-06 00:00:00+00:00,491.0,1201266.61632
1999-07-07 00:00:00+00:00,529.0,1294236.33408
1999-07-08 00:00:00+00:00,429.0,1049579.18208
1999-07-09 00:00:00+00:00,300.0,733971.456
1999-07-10 00:00:00+00:00,227.0,555371.73504
1999-07-11 00:00:00+00:00,205.0,501547.1616
1999-07-12 00:00:00+00:00,196.0,479528.01792
1999-07-13 00:00:00+00:00,220.0,538245.7344
1999-07-14 00:00:00+00:00,229.0,560264.8780799999
1999-07-15 00:00:00+00:00,238.0,582284.02176
1999-07-16 00:00:00+00:00,226.0,552925.1635200001
1999-07-17 00:00:00+00:00,228.0,557818.3065599999
1999-07-18 00:00:00+00:00,198.0,484421.16096
1999-07-19 00:00:00+00:00,180.0,440382.8736
1999-07-20 00:00:00+00:00,163.0,398791.15776
1999-07-21 00:00:00+00:00,158.0,386558.30016
1999-07-22 00:00:00+00:00,138.0,337626.86976
1999-07-23 00:00:00+00:00,124.0,303374.86848
1999-07-24 00:00:00+00:00,119.0,291142.01088
1999-07-25 00:00:00+00:00,116.0,283802.29632
1999-07-26 00:00:00+00:00,105.0,256890.0096
1999-07-27 00:00:00+00:00,96.0,234870.86591999998
1999-07-28 00:00:00+00:00,86.0,210405.15072
1999-07-29 00:00:00+00:00,78.0,190832.57856000002
1999-07-30 00:00:00+00:00,71.0,173706.57792
1999-07-31 00:00:00+00:00,64.0,156580.57728
1999-08-01 00:00:00+00:00,57.0,139454.57663999998
1999-08-02 00:00:00+00:00,59.0,144347.71968
1999-08-03 00:00:00+00:00,68.0,166366.86336
1999-08-04 00:00:00+00:00,99.0,242210.58048
1999-08-05 00:00:00+00:00,92.0,225084.57984000002
1999-08-06 00:00:00+00:00,85.0,207958.5792
1999-08-07 00:00:00+00:00,80.0,195725.7216
1999-08-08 00:00:00+00:00,78.0,190832.57856000002
1999-08-09 00:00:00+00:00,74.0,181046.29248
1999-08-10 00:00:00+00:00,74.0,181046.29248
1999-08-11 00:00:00+00:00,80.0,195725.7216
1999-08-12 00:00:00+00:00,81.0,198172.29312000002
1999-08-13 00:00:00+00:00,82.0,200618.86463999999
1999-08-14 00:00:00+00:00,81.0,198172.29312000002
1999-08-15 00:00:00+00:00,78.0,190832.57856000002
1999-08-16 00:00:00+00:00,84.0,205512.00767999998
1999-08-17 00:00:00+00:00,95.0,232424.2944
1999-08-18 00:00:00+00:00,92.0,225084.57984000002
1999-08-19 00:00:00+00:00,97.0,237317.43744
1999-08-20 00:00:00+00:00,103.0,251996.86656
1999-08-21 00:00:00+00:00,99.0,242210.58048
1999-08-22 00:00:00+00:00,95.0,232424.2944
1999-08-23 00:00:00+00:00,90.0,220191.4368
1999-08-24 00:00:00+00:00,91.0,222638.00832
1999-08-25 00:00:00+00:00,91.0,222638.00832
1999-08-26 00:00:00+00:00,86.0,210405.15072
1999-08-27 00:00:00+00:00,81.0,198172.29312000002
1999-08-28 00:00:00+00:00,75.0,183492.864
1999-08-29 00:00:00+00:00,70.0,171260.00639999998
1999-08-30 00:00:00+00:00,64.0,156580.57728
1999-08-31 00:00:00+00:00,55.0,134561.4336
1999-09-01 00:00:00+00:00,45.0,110095.7184
1999-09-02 00:00:00+00:00,39.0,95416.28928000001
1999-09-03 00:00:00+00:00,36.0,88076.57472
1999-09-04 00:00:00+00:00,34.0,83183.43168
1999-09-05 00:00:00+00:00,33.0,80736.86016
1999-09-06 00:00:00+00:00,31.0,75843.71712
1999-09-07 00:00:00+00:00,30.0,73397.1456
1999-09-08 00:00:00+00:00,29.0,70950.57408
1999-09-09 00:00:00+00:00,29.0,70950.57408
1999-09-10 00:00:00+00:00,28.0,68504.00256
1999-09-11 00:00:00+00:00,27.0,66057.43104
1999-09-12 00:00:00+00:00,26.0,63610.859520000005
1999-09-13 00:00:00+00:00,26.0,63610.859520000005
1999-09-14 00:00:00+00:00,25.0,61164.288
1999-09-15 00:00:00+00:00,24.0,58717.716479999995
1999-09-16 00:00:00+00:00,20.0,48931.4304
1999-09-17 00:00:00+00:00,18.0,44038.28736
1999-09-18 00:00:00+00:00,18.0,44038.28736
1999-09-19 00:00:00+00:00,17.0,41591.71584
1999-09-20 00:00:00+00:00,16.0,39145.14432
1999-09-21 00:00:00+00:00,16.0,39145.14432
1999-09-22 00:00:00+00:00,15.0,36698.5728
1999-09-23 00:00:00+00:00,14.0,34252.00128
1999-09-24 00:00:00+00:00,14.0,34252.00128
1999-09-25 00:00:00+00:00,13.0,31805.429760000003
1999-09-26 00:00:00+00:00,13.0,31805.429760000003
1999-09-27 00:00:00+00:00,13.0,31805.429760000003
1999-09-28 00:00:00+00:00,13.0,31805.429760000003
1999-09-29 00:00:00+00:00,12.0,29358.858239999998
1999-09-30 00:00:00+00:00,12.0,29358.858239999998
1999-10-01 00:00:00+00:00,12.0,29358.858239999998
1999-10-02 00:00:00+00:00,11.0,26912.28672
1999-10-03 00:00:00+00:00,10.0,24465.7152
1999-10-04 00:00:00+00:00,9.8,23976.400896000003
1999-10-05 00:00:00+00:00,9.3,22753.115136
1999-10-06 00:00:00+00:00,9.5,23242.42944
1999-10-07 00:00:00+00:00,9.9,24221.058048000003
1999-10-08 00:00:00+00:00,9.8,23976.400896000003
1999-10-09 00:00:00+00:00,9.7,23731.743743999996
1999-10-10 00:00:00+00:00,9.6,23487.086591999996
1999-10-11 00:00:00+00:00,9.6,23487.086591999996
1999-10-12 00:00:00+00:00,9.2,22508.457983999997
1999-10-13 00:00:00+00:00,8.7,21285.172223999998
1999-10-14 00:00:00+00:00,8.4,20551.200768000002
1999-10-15 00:00:00+00:00,8.3,20306.543616
1999-10-16 00:00:00+00:00,8.0,19572.57216
1999-10-17 00:00:00+00:00,7.9,19327.915008
1999-10-18 00:00:00+00:00,7.7,18838.600704
1999-10-19 00:00:00+00:00,7.7,18838.600704
1999-10-20 00:00:00+00:00,7.7,18838.600704
1999-10-21 00:00:00+00:00,7.7,18838.600704
1999-10-22 00:00:00+00:00,7.8,19083.257856
1999-10-23 00:00:00+00:00,7.8,19083.257856
1999-10-24 00:00:00+00:00,7.7,18838.600704
1999-10-25 00:00:00+00:00,7.8,19083.257856
1999-10-26 00:00:00+00:00,7.8,19083.257856
1999-10-27 00:00:00+00:00,9.8,23976.400896000003
1999-10-28 00:00:00+00:00,56.0,137008.00512
1999-10-29 00:00:00+00:00,52.0,127221.71904000001
1999-10-30 00:00:00+00:00,39.0,95416.28928000001
1999-10-31 00:00:00+00:00,31.0,75843.71712
1999-11-01 00:00:00+00:00,26.0,63610.859520000005
1999-11-02 00:00:00+00:00,22.0,53824.57344
1999-11-03 00:00:00+00:00,19.0,46484.85888
1999-11-04 00:00:00+00:00,19.0,46484.85888
1999-11-05 00:00:00+00:00,26.0,63610.859520000005
1999-11-06 00:00:00+00:00,85.0,207958.5792
1999-11-07 00:00:00+00:00,73.0,178599.72095999998
1999-11-08 00:00:00+00:00,56.0,137008.00512
1999-11-09 00:00:00+00:00,45.0,110095.7184
1999-11-10 00:00:00+00:00,40.0,97862.8608
1999-11-11 00:00:00+00:00,41.0,100309.43231999999
1999-11-12 00:00:00+00:00,47.0,114988.86144
1999-11-13 00:00:00+00:00,47.0,114988.86144
1999-11-14 00:00:00+00:00,41.0,100309.43231999999
1999-11-15 00:00:00+00:00,35.0,85630.00319999999
1999-11-16 00:00:00+00:00,32.0,78290.28864
1999-11-17 00:00:00+00:00,33.0,80736.86016
1999-11-18 00:00:00+00:00,30.0,73397.1456
1999-11-19 00:00:00+00:00,29.0,70950.57408
1999-11-20 00:00:00+00:00,33.0,80736.86016
1999-11-21 00:00:00+00:00,45.0,110095.7184
1999-11-22 00:00:00+00:00,37.0,90523.14624
1999-11-23 00:00:00+00:00,60.0,146794.2912
1999-11-24 00:00:00+00:00,34.0,83183.43168
1999-11-25 00:00:00+00:00,73.0,178599.72095999998
1999-11-26 00:00:00+00:00,202.0,494207.44703999994
1999-11-27 00:00:00+00:00,139.0,340073.44128
1999-11-28 00:00:00+00:00,99.0,242210.58048
1999-11-29 00:00:00+00:00,80.0,195725.7216
1999-11-30 00:00:00+00:00,76.0,185939.43552
1999-12-01 00:00:00+00:00,72.0,176153.14944
1999-12-02 00:00:00+00:00,65.0,159027.1488
1999-12-03 00:00:00+00:00,55.0,134561.4336
1999-12-04 00:00:00+00:00,36.0,88076.57472
1999-12-05 00:00:00+00:00,44.0,107649.14688
1999-12-06 00:00:00+00:00,55.0,134561.4336
1999-12-07 00:00:00+00:00,50.0,122328.576
1999-12-08 00:00:00+00:00,46.0,112542.28992000001
1999-12-09 00:00:00+00:00,50.0,122328.576
1999-12-10 00:00:00+00:00,55.0,134561.4336
1999-12-11 00:00:00+00:00,50.0,122328.576
1999-12-12 00:00:00+00:00,55.0,134561.4336
1999-12-13 00:00:00+00:00,55.0,134561.4336
1999-12-14 00:00:00+00:00,46.0,112542.28992000001
1999-12-15 00:00:00+00:00,50.0,122328.576
1999-12-16 00:00:00+00:00,50.0,122328.576
1999-12-17 00:00:00+00:00,50.0,122328.576
1999-12-18 00:00:00+00:00,55.0,134561.4336
1999-12-19 00:00:00+00:00,50.0,122328.576
1999-12-20 00:00:00+00:00,48.0,117435.43295999999
1999-12-21 00:00:00+00:00,48.0,117435.43295999999
1999-12-22 00:00:00+00:00,40.0,97862.8608
1999-12-23 00:00:00+00:00,34.0,83183.43168
1999-12-24 00:00:00+00:00,40.0,97862.8608
1999-12-25 00:00:00+00:00,40.0,97862.8608
1999-12-26 00:00:00+00:00,38.0,92969.71776
1999-12-27 00:00:00+00:00,38.0,92969.71776
1999-12-28 00:00:00+00:00,42.0,102756.00383999999
1999-12-29 00:00:00+00:00,42.0,102756.00383999999
1999-12-30 00:00:00+00:00,40.0,97862.8608
1999-12-31 00:00:00+00:00,46.0,112542.28992000001
2000-01-01 00:00:00+00:00,50.0,122328.576
2000-01-02 00:00:00+00:00,48.0,117435.43295999999
2000-01-03 00:00:00+00:00,44.0,107649.14688
2000-01-04 00:00:00+00:00,46.0,112542.28992000001
2000-01-05 00:00:00+00:00,46.0,112542.28992000001
2000-01-06 00:00:00+00:00,44.0,107649.14688
2000-01-07 00:00:00+00:00,46.0,112542.28992000001
2000-01-08 00:00:00+00:00,46.0,112542.28992000001
2000-01-09 00:00:00+00:00,46.0,112542.28992000001
2000-01-10 00:00:00+00:00,46.0,112542.28992000001
2000-01-11 00:00:00+00:00,46.0,112542.28992000001
2000-01-12 00:00:00+00:00,44.0,107649.14688
2000-01-13 00:00:00+00:00,42.0,102756.00383999999
2000-01-14 00:00:00+00:00,44.0,107649.14688
2000-01-15 00:00:00+00:00,46.0,112542.28992000001
2000-01-16 00:00:00+00:00,48.0,117435.43295999999
2000-01-17 00:00:00+00:00,46.0,112542.28992000001
2000-01-18 00:00:00+00:00,44.0,107649.14688
2000-01-19 00:00:00+00:00,44.0,107649.14688
2000-01-20 00:00:00+00:00,46.0,112542.28992000001
2000-01-21 00:00:00+00:00,44.0,107649.14688
2000-01-22 00:00:00+00:00,42.0,102756.00383999999
2000-01-23 00:00:00+00:00,40.0,97862.8608
2000-01-24 00:00:00+00:00,46.0,112542.28992000001
2000-01-25 00:00:00+00:00,44.0,107649.14688
2000-01-26 00:00:00+00:00,44.0,107649.14688
2000-01-27 00:00:00+00:00,42.0,102756.00383999999
2000-01-28 00:00:00+00:00,32.0,78290.28864
2000-01-29 00:00:00+00:00,30.0,73397.1456
2000-01-30 00:00:00+00:00,34.0,83183.43168
2000-01-31 00:00:00+00:00,44.0,107649.14688
2000-02-01 00:00:00+00:00,46.0,112542.28992000001
2000-02-02 00:00:00+00:00,48.0,117435.43295999999
2000-02-03 00:00:00+00:00,44.0,107649.14688
2000-02-04 00:00:00+00:00,42.0,102756.00383999999
2000-02-05 00:00:00+00:00,42.0,102756.00383999999
2000-02-06 00:00:00+00:00,42.0,102756.00383999999
2000-02-07 00:00:00+00:00,42.0,102756.00383999999
2000-02-08 00:00:00+00:00,42.0,102756.00383999999
2000-02-09 00:00:00+00:00,42.0,102756.00383999999
2000-02-10 00:00:00+00:00,42.0,102756.00383999999
2000-02-11 00:00:00+00:00,44.0,107649.14688
2000-02-12 00:00:00+00:00,42.0,102756.00383999999
2000-02-13 00:00:00+00:00,42.0,102756.00383999999
2000-02-14 00:00:00+00:00,46.0,112542.28992000001
2000-02-15 00:00:00+00:00,44.0,107649.14688
2000-02-16 00:00:00+00:00,42.0,102756.00383999999
2000-02-17 00:00:00+00:00,40.0,97862.8608
2000-02-18 00:00:00+00:00,36.0,88076.57472
2000-02-19 00:00:00+00:00,38.0,92969.71776
2000-02-20 00:00:00+00:00,40.0,97862.8608
2000-02-21 00:00:00+00:00,44.0,107649.14688
2000-02-22 00:00:00+00:00,42.0,102756.00383999999
2000-02-23 00:00:00+00:00,44.0,107649.14688
2000-02-24 00:00:00+00:00,42.0,102756.00383999999
2000-02-25 00:00:00+00:00,40.0,97862.8608
2000-02-26 00:00:00+00:00,42.0,102756.00383999999
2000-02-27 00:00:00+00:00,44.0,107649.14688
2000-02-28 00:00:00+00:00,42.0,102756.00383999999
2000-02-29 00:00:00+00:00,40.0,97862.8608
2000-03-01 00:00:00+00:00,38.0,92969.71776
2000-03-02 00:00:00+00:00,38.0,92969.71776
2000-03-03 00:00:00+00:00,38.0,92969.71776
2000-03-04 00:00:00+00:00,41.0,100309.43231999999
2000-03-05 00:00:00+00:00,42.0,102756.00383999999
2000-03-06 00:00:00+00:00,47.0,114988.86144
2000-03-07 00:00:00+00:00,44.0,107649.14688
2000-03-08 00:00:00+00:00,42.0,102756.00383999999
2000-03-09 00:00:00+00:00,43.0,105202.57536
2000-03-10 00:00:00+00:00,42.0,102756.00383999999
2000-03-11 00:00:00+00:00,44.0,107649.14688
2000-03-12 00:00:00+00:00,38.0,92969.71776
2000-03-13 00:00:00+00:00,40.0,97862.8608
2000-03-14 00:00:00+00:00,41.0,100309.43231999999
2000-03-15 00:00:00+00:00,41.0,100309.43231999999
2000-03-16 00:00:00+00:00,40.0,97862.8608
2000-03-17 00:00:00+00:00,42.0,102756.00383999999
2000-03-18 00:00:00+00:00,41.0,100309.43231999999
2000-03-19 00:00:00+00:00,44.0,107649.14688
2000-03-20 00:00:00+00:00,42.0,102756.00383999999
2000-03-21 00:00:00+00:00,40.0,97862.8608
2000-03-22 00:00:00+00:00,45.0,110095.7184
2000-03-23 00:00:00+00:00,52.0,127221.71904000001
2000-03-24 00:00:00+00:00,48.0,117435.43295999999
2000-03-25 00:00:00+00:00,52.0,127221.71904000001
2000-03-26 00:00:00+00:00,52.0,127221.71904000001
2000-03-27 00:00:00+00:00,63.0,154134.00576
2000-03-28 00:00:00+00:00,75.0,183492.864
2000-03-29 00:00:00+00:00,70.0,171260.00639999998
2000-03-30 00:00:00+00:00,70.0,171260.00639999998
2000-03-31 00:00:00+00:00,68.0,166366.86336
2000-04-01 00:00:00+00:00,73.0,178599.72095999998
2000-04-02 00:00:00+00:00,94.0,229977.72288
2000-04-03 00:00:00+00:00,133.0,325394.01216
2000-04-04 00:00:00+00:00,209.0,511333.44768
2000-04-05 00:00:00+00:00,305.0,746204.3136
2000-04-06 00:00:00+00:00,264.0,645894.88128
2000-04-07 00:00:00+00:00,203.0,496654.01856
2000-04-08 00:00:00+00:00,206.0,503993.73312
2000-04-09 00:00:00+00:00,287.0,702166.0262399999
2000-04-10 00:00:00+00:00,378.0,924804.0345600001
2000-04-11 00:00:00+00:00,482.0,1179247.47264
2000-04-12 00:00:00+00:00,628.0,1536446.91456
2000-04-13 00:00:00+00:00,925.0,2263078.656
2000-04-14 00:00:00+00:00,895.0,2189681.5104
2000-04-15 00:00:00+00:00,692.0,1693027.49184
2000-04-16 00:00:00+00:00,585.0,1431244.3392
2000-04-17 00:00:00+00:00,542.0,1326041.76384
2000-04-18 00:00:00+00:00,717.0,1754191.77984
2000-04-19 00:00:00+00:00,854.0,2089372.07808
2000-04-20 00:00:00+00:00,965.0,2360941.5168
2000-04-21 00:00:00+00:00,1180.0,2886954.3936
2000-04-22 00:00:00+00:00,1320.0,3229474.4063999997
2000-04-23 00:00:00+00:00,1070.0,2617831.5264
2000-04-24 00:00:00+00:00,740.0,1810462.9248000002
2000-04-25 00:00:00+00:00,643.0,1573145.48736
2000-04-26 00:00:00+00:00,564.0,1379866.33728
2000-04-27 00:00:00+00:00,862.0,2108944.65024
2000-04-28 00:00:00+00:00,1320.0,3229474.4063999997
2000-04-29 00:00:00+00:00,944.0,2309563.51488
2000-04-30 00:00:00+00:00,939.0,2297330.65728
2000-05-01 00:00:00+00:00,1330.0,3253940.1216
2000-05-02 00:00:00+00:00,1750.0,4281500.16
2000-05-03 00:00:00+00:00,1690.0,4134705.8688000003
2000-05-04 00:00:00+00:00,1760.0,4305965.8752
2000-05-05 00:00:00+00:00,1330.0,3253940.1216
2000-05-06 00:00:00+00:00,1060.0,2593365.8112
2000-05-07 00:00:00+00:00,931.0,2277758.08512
2000-05-08 00:00:00+00:00,1050.0,2568900.096
2000-05-09 00:00:00+00:00,1090.0,2666762.9568
2000-05-10 00:00:00+00:00,938.0,2294884.08576
2000-05-11 00:00:00+00:00,632.0,1546233.20064
2000-05-12 00:00:00+00:00,494.0,1208606.33088
2000-05-13 00:00:00+00:00,474.0,1159674.90048
2000-05-14 00:00:00+00:00,597.0,1460603.1974399998
2000-05-15 00:00:00+00:00,937.0,2292437.51424
2000-05-16 00:00:00+00:00,1420.0,3474131.5584
2000-05-17 00:00:00+00:00,2090.0,5113334.476799999
2000-05-18 00:00:00+00:00,1850.0,4526157.312
2000-05-19 00:00:00+00:00,1720.0,4208103.0144
2000-05-20 00:00:00+00:00,1600.0,3914514.432
2000-05-21 00:00:00+00:00,1820.0,4452760.1663999995
2000-05-22 00:00:00+00:00,2010.0,4917608.7552
2000-05-23 00:00:00+00:00,1710.0,4183637.2992000002
2000-05-24 00:00:00+00:00,1470.0,3596460.1344
2000-05-25 00:00:00+00:00,1410.0,3449665.8432
2000-05-26 00:00:00+00:00,1200.0,2935885.824
2000-05-27 00:00:00+00:00,1180.0,2886954.3936
2000-05-28 00:00:00+00:00,1340.0,3278405.8367999997
2000-05-29 00:00:00+00:00,1150.0,2813557.248
2000-05-30 00:00:00+00:00,938.0,2294884.08576
2000-05-31 00:00:00+00:00,767.0,1876520.35584
2000-06-01 00:00:00+00:00,618.0,1511981.19936
2000-06-02 00:00:00+00:00,761.0,1861840.9267199999
2000-06-03 00:00:00+00:00,929.0,2272864.94208
2000-06-04 00:00:00+00:00,962.0,2353601.80224
2000-06-05 00:00:00+00:00,1000.0,2446571.52
2000-06-06 00:00:00+00:00,953.0,2331582.65856
2000-06-07 00:00:00+00:00,874.0,2138303.50848
2000-06-08 00:00:00+00:00,794.0,1942577.78688
2000-06-09 00:00:00+00:00,573.0,1401885.48096
2000-06-10 00:00:00+00:00,459.0,1122976.32768
2000-06-11 00:00:00+00:00,448.0,1096064.04096
2000-06-12 00:00:00+00:00,1000.0,2446571.52
2000-06-13 00:00:00+00:00,894.0,2187234.9388800003
2000-06-14 00:00:00+00:00,698.0,1707706.92096
2000-06-15 00:00:00+00:00,635.0,1553572.9152
2000-06-16 00:00:00+00:00,507.0,1240411.76064
2000-06-17 00:00:00+00:00,277.0,677700.3110400001
2000-06-18 00:00:00+00:00,225.0,550478.592
2000-06-19 00:00:00+00:00,205.0,501547.1616
2000-06-20 00:00:00+00:00,206.0,503993.73312
2000-06-21 00:00:00+00:00,225.0,550478.592
2000-06-22 00:00:00+00:00,296.0,724185.16992
2000-06-23 00:00:00+00:00,301.0,736418.02752
2000-06-24 00:00:00+00:00,244.0,596963.4508799999
2000-06-25 00:00:00+00:00,224.0,548032.02048
2000-06-26 00:00:00+00:00,206.0,503993.73312
2000-06-27 00:00:00+00:00,186.0,455062.30272
2000-06-28 00:00:00+00:00,163.0,398791.15776
2000-06-29 00:00:00+00:00,113.0,276462.58176000003
2000-06-30 00:00:00+00:00,106.0,259336.58112000002
2000-07-01 00:00:00+00:00,100.0,244657.152
2000-07-02 00:00:00+00:00,100.0,244657.152
2000-07-03 00:00:00+00:00,92.0,225084.57984000002
2000-07-04 00:00:00+00:00,84.0,205512.00767999998
2000-07-05 00:00:00+00:00,78.0,190832.57856000002
2000-07-06 00:00:00+00:00,67.0,163920.29184000002
2000-07-07 00:00:00+00:00,51.0,124775.14752
2000-07-08 00:00:00+00:00,54.0,132114.86208
2000-07-09 00:00:00+00:00,56.0,137008.00512
2000-07-10 00:00:00+00:00,54.0,132114.86208
2000-07-11 00:00:00+00:00,50.0,122328.576
2000-07-12 00:00:00+00:00,46.0,112542.28992000001
2000-07-13 00:00:00+00:00,42.0,102756.00383999999
2000-07-14 00:00:00+00:00,38.0,92969.71776
2000-07-15 00:00:00+00:00,35.0,85630.00319999999
2000-07-16 00:00:00+00:00,33.0,80736.86016
2000-07-17 00:00:00+00:00,31.0,75843.71712
2000-07-18 00:00:00+00:00,29.0,70950.57408
2000-07-19 00:00:00+00:00,28.0,68504.00256
2000-07-20 00:00:00+00:00,27.0,66057.43104
2000-07-21 00:00:00+00:00,27.0,66057.43104
2000-07-22 00:00:00+00:00,25.0,61164.288
2000-07-23 00:00:00+00:00,24.0,58717.716479999995
2000-07-24 00:00:00+00:00,23.0,56271.144960000005
2000-07-25 00:00:00+00:00,23.0,56271.144960000005
2000-07-26 00:00:00+00:00,22.0,53824.57344
2000-07-27 00:00:00+00:00,22.0,53824.57344
2000-07-28 00:00:00+00:00,22.0,53824.57344
2000-07-29 00:00:00+00:00,21.0,51378.001919999995
2000-07-30 00:00:00+00:00,21.0,51378.001919999995
2000-07-31 00:00:00+00:00,21.0,51378.001919999995
2000-08-01 00:00:00+00:00,20.0,48931.4304
2000-08-02 00:00:00+00:00,20.0,48931.4304
2000-08-03 00:00:00+00:00,20.0,48931.4304
2000-08-04 00:00:00+00:00,20.0,48931.4304
2000-08-05 00:00:00+00:00,22.0,53824.57344
2000-08-06 00:00:00+00:00,22.0,53824.57344
2000-08-07 00:00:00+00:00,22.0,53824.57344
2000-08-08 00:00:00+00:00,22.0,53824.57344
2000-08-09 00:00:00+00:00,22.0,53824.57344
2000-08-10 00:00:00+00:00,21.0,51378.001919999995
2000-08-11 00:00:00+00:00,23.0,56271.144960000005
2000-08-12 00:00:00+00:00,25.0,61164.288
2000-08-13 00:00:00+00:00,25.0,61164.288
2000-08-14 00:00:00+00:00,24.0,58717.716479999995
2000-08-15 00:00:00+00:00,24.0,58717.716479999995
2000-08-16 00:00:00+00:00,24.0,58717.716479999995
2000-08-17 00:00:00+00:00,24.0,58717.716479999995
2000-08-18 00:00:00+00:00,23.0,56271.144960000005
2000-08-19 00:00:00+00:00,23.0,56271.144960000005
2000-08-20 00:00:00+00:00,23.0,56271.144960000005
2000-08-21 00:00:00+00:00,22.0,53824.57344
2000-08-22 00:00:00+00:00,23.0,56271.144960000005
2000-08-23 00:00:00+00:00,33.0,80736.86016
2000-08-24 00:00:00+00:00,33.0,80736.86016
2000-08-25 00:00:00+00:00,33.0,80736.86016
2000-08-26 00:00:00+00:00,31.0,75843.71712
2000-08-27 00:00:00+00:00,31.0,75843.71712
2000-08-28 00:00:00+00:00,32.0,78290.28864
2000-08-29 00:00:00+00:00,35.0,85630.00319999999
2000-08-30 00:00:00+00:00,34.0,83183.43168
2000-08-31 00:00:00+00:00,35.0,85630.00319999999
2000-09-01 00:00:00+00:00,47.0,114988.86144
2000-09-02 00:00:00+00:00,54.0,132114.86208
2000-09-03 00:00:00+00:00,50.0,122328.576
2000-09-04 00:00:00+00:00,48.0,117435.43295999999
2000-09-05 00:00:00+00:00,76.0,185939.43552
2000-09-06 00:00:00+00:00,96.0,234870.86591999998
2000-09-07 00:00:00+00:00,85.0,207958.5792
2000-09-08 00:00:00+00:00,86.0,210405.15072
2000-09-09 00:00:00+00:00,67.0,163920.29184000002
2000-09-10 00:00:00+00:00,48.0,117435.43295999999
2000-09-11 00:00:00+00:00,42.0,102756.00383999999
2000-09-12 00:00:00+00:00,38.0,92969.71776
2000-09-13 00:00:00+00:00,34.0,83183.43168
2000-09-14 00:00:00+00:00,29.0,70950.57408
2000-09-15 00:00:00+00:00,18.0,44038.28736
2000-09-16 00:00:00+00:00,16.0,39145.14432
2000-09-17 00:00:00+00:00,15.0,36698.5728
2000-09-18 00:00:00+00:00,18.0,44038.28736
2000-09-19 00:00:00+00:00,33.0,80736.86016
2000-09-20 00:00:00+00:00,32.0,78290.28864
2000-09-21 00:00:00+00:00,32.0,78290.28864
2000-09-22 00:00:00+00:00,31.0,75843.71712
2000-09-23 00:00:00+00:00,30.0,73397.1456
2000-09-24 00:00:00+00:00,29.0,70950.57408
2000-09-25 00:00:00+00:00,28.0,68504.00256
2000-09-26 00:00:00+00:00,27.0,66057.43104
2000-09-27 00:00:00+00:00,27.0,66057.43104
2000-09-28 00:00:00+00:00,26.0,63610.859520000005
2000-09-29 00:00:00+00:00,26.0,63610.859520000005
2000-09-30 00:00:00+00:00,25.0,61164.288
2000-10-01 00:00:00+00:00,50.0,122328.576
2000-10-02 00:00:00+00:00,53.0,129668.29056000001
2000-10-03 00:00:00+00:00,44.0,107649.14688
2000-10-04 00:00:00+00:00,37.0,90523.14624
2000-10-05 00:00:00+00:00,23.0,56271.144960000005
2000-10-06 00:00:00+00:00,20.0,48931.4304
2000-10-07 00:00:00+00:00,19.0,46484.85888
2000-10-08 00:00:00+00:00,18.0,44038.28736
2000-10-09 00:00:00+00:00,17.0,41591.71584
2000-10-10 00:00:00+00:00,18.0,44038.28736
2000-10-11 00:00:00+00:00,25.0,61164.288
2000-10-12 00:00:00+00:00,30.0,73397.1456
2000-10-13 00:00:00+00:00,38.0,92969.71776
2000-10-14 00:00:00+00:00,46.0,112542.28992000001
2000-10-15 00:00:00+00:00,47.0,114988.86144
2000-10-16 00:00:00+00:00,46.0,112542.28992000001
2000-10-17 00:00:00+00:00,47.0,114988.86144
2000-10-18 00:00:00+00:00,47.0,114988.86144
2000-10-19 00:00:00+00:00,43.0,105202.57536
2000-10-20 00:00:00+00:00,42.0,102756.00383999999
2000-10-21 00:00:00+00:00,115.0,281355.72479999997
2000-10-22 00:00:00+00:00,94.0,229977.72288
2000-10-23 00:00:00+00:00,76.0,185939.43552
2000-10-24 00:00:00+00:00,72.0,176153.14944
2000-10-25 00:00:00+00:00,67.0,163920.29184000002
2000-10-26 00:00:00+00:00,63.0,154134.00576
2000-10-27 00:00:00+00:00,71.0,173706.57792
2000-10-28 00:00:00+00:00,76.0,185939.43552
2000-10-29 00:00:00+00:00,99.0,242210.58048
2000-10-30 00:00:00+00:00,87.0,212851.72223999997
2000-10-31 00:00:00+00:00,76.0,185939.43552
2000-11-01 00:00:00+00:00,68.0,166366.86336
2000-11-02 00:00:00+00:00,58.0,141901.14816
2000-11-03 00:00:00+00:00,54.0,132114.86208
2000-11-04 00:00:00+00:00,54.0,132114.86208
2000-11-05 00:00:00+00:00,53.0,129668.29056000001
2000-11-06 00:00:00+00:00,48.0,117435.43295999999
2000-11-07 00:00:00+00:00,38.0,92969.71776
2000-11-08 00:00:00+00:00,34.0,83183.43168
2000-11-09 00:00:00+00:00,32.0,78290.28864
2000-11-10 00:00:00+00:00,28.0,68504.00256
2000-11-11 00:00:00+00:00,28.0,68504.00256
2000-11-12 00:00:00+00:00,26.0,63610.859520000005
2000-11-13 00:00:00+00:00,22.0,53824.57344
2000-11-14 00:00:00+00:00,26.0,63610.859520000005
2000-11-15 00:00:00+00:00,26.0,63610.859520000005
2000-11-16 00:00:00+00:00,22.0,53824.57344
2000-11-17 00:00:00+00:00,20.0,48931.4304
2000-11-18 00:00:00+00:00,20.0,48931.4304
2000-11-19 00:00:00+00:00,20.0,48931.4304
2000-11-20 00:00:00+00:00,22.0,53824.57344
2000-11-21 00:00:00+00:00,22.0,53824.57344
2000-11-22 00:00:00+00:00,22.0,53824.57344
2000-11-23 00:00:00+00:00,22.0,53824.57344
2000-11-24 00:00:00+00:00,24.0,58717.716479999995
2000-11-25 00:00:00+00:00,22.0,53824.57344
2000-11-26 00:00:00+00:00,22.0,53824.57344
2000-11-27 00:00:00+00:00,22.0,53824.57344
2000-11-28 00:00:00+00:00,20.0,48931.4304
2000-11-29 00:00:00+00:00,22.0,53824.57344
2000-11-30 00:00:00+00:00,22.0,53824.57344
2000-12-01 00:00:00+00:00,22.0,53824.57344
2000-12-02 00:00:00+00:00,22.0,53824.57344
2000-12-03 00:00:00+00:00,22.0,53824.57344
2000-12-04 00:00:00+00:00,22.0,53824.57344
2000-12-05 00:00:00+00:00,20.0,48931.4304
2000-12-06 00:00:00+00:00,20.0,48931.4304
2000-12-07 00:00:00+00:00,22.0,53824.57344
2000-12-08 00:00:00+00:00,22.0,53824.57344
2000-12-09 00:00:00+00:00,22.0,53824.57344
2000-12-10 00:00:00+00:00,22.0,53824.57344
2000-12-11 00:00:00+00:00,19.0,46484.85888
2000-12-12 00:00:00+00:00,18.0,44038.28736
2000-12-13 00:00:00+00:00,20.0,48931.4304
2000-12-14 00:00:00+00:00,22.0,53824.57344
2000-12-15 00:00:00+00:00,20.0,48931.4304
2000-12-16 00:00:00+00:00,20.0,48931.4304
2000-12-17 00:00:00+00:00,22.0,53824.57344
2000-12-18 00:00:00+00:00,22.0,53824.57344
2000-12-19 00:00:00+00:00,22.0,53824.57344
2000-12-20 00:00:00+00:00,22.0,53824.57344
2000-12-21 00:00:00+00:00,24.0,58717.716479999995
2000-12-22 00:00:00+00:00,24.0,58717.716479999995
2000-12-23 00:00:00+00:00,24.0,58717.716479999995
2000-12-24 00:00:00+00:00,24.0,58717.716479999995
2000-12-25 00:00:00+00:00,22.0,53824.57344
2000-12-26 00:00:00+00:00,20.0,48931.4304
2000-12-27 00:00:00+00:00,22.0,53824.57344
2000-12-28 00:00:00+00:00,20.0,48931.4304
2000-12-29 00:00:00+00:00,24.0,58717.716479999995
2000-12-30 00:00:00+00:00,24.0,58717.716479999995
2000-12-31 00:00:00+00:00,24.0,58717.716479999995
2001-01-01 00:00:00+00:00,22.0,53824.57344
2001-01-02 00:00:00+00:00,20.0,48931.4304
2001-01-03 00:00:00+00:00,22.0,53824.57344
2001-01-04 00:00:00+00:00,24.0,58717.716479999995
2001-01-05 00:00:00+00:00,24.0,58717.716479999995
2001-01-06 00:00:00+00:00,20.0,48931.4304
2001-01-07 00:00:00+00:00,18.0,44038.28736
2001-01-08 00:00:00+00:00,17.0,41591.71584
2001-01-09 00:00:00+00:00,20.0,48931.4304
2001-01-10 00:00:00+00:00,26.0,63610.859520000005
2001-01-11 00:00:00+00:00,24.0,58717.716479999995
2001-01-12 00:00:00+00:00,24.0,58717.716479999995
2001-01-13 00:00:00+00:00,24.0,58717.716479999995
2001-01-14 00:00:00+00:00,22.0,53824.57344
2001-01-15 00:00:00+00:00,20.0,48931.4304
2001-01-16 00:00:00+00:00,19.0,46484.85888
2001-01-17 00:00:00+00:00,20.0,48931.4304
2001-01-18 00:00:00+00:00,22.0,53824.57344
2001-01-19 00:00:00+00:00,24.0,58717.716479999995
2001-01-20 00:00:00+00:00,24.0,58717.716479999995
2001-01-21 00:00:00+00:00,26.0,63610.859520000005
2001-01-22 00:00:00+00:00,26.0,63610.859520000005
2001-01-23 00:00:00+00:00,24.0,58717.716479999995
2001-01-24 00:00:00+00:00,24.0,58717.716479999995
2001-01-25 00:00:00+00:00,26.0,63610.859520000005
2001-01-26 00:00:00+00:00,24.0,58717.716479999995
2001-01-27 00:00:00+00:00,22.0,53824.57344
2001-01-28 00:00:00+00:00,26.0,63610.859520000005
2001-01-29 00:00:00+00:00,30.0,73397.1456
2001-01-30 00:00:00+00:00,34.0,83183.43168
2001-01-31 00:00:00+00:00,32.0,78290.28864
2001-02-01 00:00:00+00:00,32.0,78290.28864
2001-02-02 00:00:00+00:00,32.0,78290.28864
2001-02-03 00:00:00+00:00,32.0,78290.28864
2001-02-04 00:00:00+00:00,32.0,78290.28864
2001-02-05 00:00:00+00:00,34.0,83183.43168
2001-02-06 00:00:00+00:00,32.0,78290.28864
2001-02-07 00:00:00+00:00,30.0,73397.1456
2001-02-08 00:00:00+00:00,26.0,63610.859520000005
2001-02-09 00:00:00+00:00,36.0,88076.57472
2001-02-10 00:00:00+00:00,40.0,97862.8608
2001-02-11 00:00:00+00:00,38.0,92969.71776
2001-02-12 00:00:00+00:00,36.0,88076.57472
2001-02-13 00:00:00+00:00,34.0,83183.43168
2001-02-14 00:00:00+00:00,30.0,73397.1456
2001-02-15 00:00:00+00:00,34.0,83183.43168
2001-02-16 00:00:00+00:00,36.0,88076.57472
2001-02-17 00:00:00+00:00,36.0,88076.57472
2001-02-18 00:00:00+00:00,36.0,88076.57472
2001-02-19 00:00:00+00:00,36.0,88076.57472
2001-02-20 00:00:00+00:00,36.0,88076.57472
2001-02-21 00:00:00+00:00,36.0,88076.57472
2001-02-22 00:00:00+00:00,36.0,88076.57472
2001-02-23 00:00:00+00:00,36.0,88076.57472
2001-02-24 00:00:00+00:00,34.0,83183.43168
2001-02-25 00:00:00+00:00,32.0,78290.28864
2001-02-26 00:00:00+00:00,30.0,73397.1456
2001-02-27 00:00:00+00:00,30.0,73397.1456
2001-02-28 00:00:00+00:00,28.0,68504.00256
2001-03-01 00:00:00+00:00,30.0,73397.1456
2001-03-02 00:00:00+00:00,32.0,78290.28864
2001-03-03 00:00:00+00:00,32.0,78290.28864
2001-03-04 00:00:00+00:00,32.0,78290.28864
2001-03-05 00:00:00+00:00,34.0,83183.43168
2001-03-06 00:00:00+00:00,34.0,83183.43168
2001-03-07 00:00:00+00:00,32.0,78290.28864
2001-03-08 00:00:00+00:00,32.0,78290.28864
2001-03-09 00:00:00+00:00,32.0,78290.28864
2001-03-10 00:00:00+00:00,32.0,78290.28864
2001-03-11 00:00:00+00:00,30.0,73397.1456
2001-03-12 00:00:00+00:00,30.0,73397.1456
2001-03-13 00:00:00+00:00,30.0,73397.1456
2001-03-14 00:00:00+00:00,30.0,73397.1456
2001-03-15 00:00:00+00:00,26.0,63610.859520000005
2001-03-16 00:00:00+00:00,30.0,73397.1456
2001-03-17 00:00:00+00:00,30.0,73397.1456
2001-03-18 00:00:00+00:00,29.0,70950.57408
2001-03-19 00:00:00+00:00,40.0,97862.8608
2001-03-20 00:00:00+00:00,50.0,122328.576
2001-03-21 00:00:00+00:00,50.0,122328.576
2001-03-22 00:00:00+00:00,50.0,122328.576
2001-03-23 00:00:00+00:00,60.0,146794.2912
2001-03-24 00:00:00+00:00,80.0,195725.7216
2001-03-25 00:00:00+00:00,90.0,220191.4368
2001-03-26 00:00:00+00:00,100.0,244657.152
2001-03-27 00:00:00+00:00,110.0,269122.8672
2001-03-28 00:00:00+00:00,124.0,303374.86848
2001-03-29 00:00:00+00:00,111.0,271569.43872000003
2001-03-30 00:00:00+00:00,106.0,259336.58112000002
2001-03-31 00:00:00+00:00,106.0,259336.58112000002
2001-04-01 00:00:00+00:00,101.0,247103.72351999997
2001-04-02 00:00:00+00:00,99.0,242210.58048
2001-04-03 00:00:00+00:00,85.0,207958.5792
2001-04-04 00:00:00+00:00,90.0,220191.4368
2001-04-05 00:00:00+00:00,85.0,207958.5792
2001-04-06 00:00:00+00:00,81.0,198172.29312000002
2001-04-07 00:00:00+00:00,83.0,203065.43616
2001-04-08 00:00:00+00:00,76.0,185939.43552
2001-04-09 00:00:00+00:00,70.0,171260.00639999998
2001-04-10 00:00:00+00:00,70.0,171260.00639999998
2001-04-11 00:00:00+00:00,74.0,181046.29248
2001-04-12 00:00:00+00:00,68.0,166366.86336
2001-04-13 00:00:00+00:00,65.0,159027.1488
2001-04-14 00:00:00+00:00,60.0,146794.2912
2001-04-15 00:00:00+00:00,65.0,159027.1488
2001-04-16 00:00:00+00:00,82.0,200618.86463999999
2001-04-17 00:00:00+00:00,131.0,320500.86912
2001-04-18 00:00:00+00:00,186.0,455062.30272
2001-04-19 00:00:00+00:00,218.0,533352.59136
2001-04-20 00:00:00+00:00,179.0,437936.30207999994
2001-04-21 00:00:00+00:00,152.0,371878.87104
2001-04-22 00:00:00+00:00,146.0,357199.44191999995
2001-04-23 00:00:00+00:00,143.0,349859.72736
2001-04-24 00:00:00+00:00,205.0,501547.1616
2001-04-25 00:00:00+00:00,407.0,995754.60864
2001-04-26 00:00:00+00:00,687.0,1680794.63424
2001-04-27 00:00:00+00:00,977.0,2390300.37504
2001-04-28 00:00:00+00:00,1030.0,2519968.6656
2001-04-29 00:00:00+00:00,700.0,1712600.064
2001-04-30 00:00:00+00:00,588.0,1438584.05376
2001-05-01 00:00:00+00:00,788.0,1927898.3577599998
2001-05-02 00:00:00+00:00,497.0,1215946.04544
2001-05-03 00:00:00+00:00,392.0,959056.03584
2001-05-04 00:00:00+00:00,495.0,1211052.9024
2001-05-05 00:00:00+00:00,727.0,1778657.49504
2001-05-06 00:00:00+00:00,723.0,1768871.2089600002
2001-05-07 00:00:00+00:00,751.0,1837375.21152
2001-05-08 00:00:00+00:00,982.0,2402533.23264
2001-05-09 00:00:00+00:00,1100.0,2691228.672
2001-05-10 00:00:00+00:00,1060.0,2593365.8112
2001-05-11 00:00:00+00:00,1140.0,2789091.5327999997
2001-05-12 00:00:00+00:00,1380.0,3376268.6976
2001-05-13 00:00:00+00:00,1480.0,3620925.8496000003
2001-05-14 00:00:00+00:00,1410.0,3449665.8432
2001-05-15 00:00:00+00:00,2270.0,5553717.3504
2001-05-16 00:00:00+00:00,1840.0,4501691.5967999995
2001-05-17 00:00:00+00:00,1090.0,2666762.9568
2001-05-18 00:00:00+00:00,888.0,2172555.5097600003
2001-05-19 00:00:00+00:00,826.0,2020868.07552
2001-05-20 00:00:00+00:00,736.0,1800676.6387200002
2001-05-21 00:00:00+00:00,650.0,1590271.488
2001-05-22 00:00:00+00:00,730.0,1785997.2096000002
2001-05-23 00:00:00+00:00,792.0,1937684.64384
2001-05-24 00:00:00+00:00,848.0,2074692.6489600001
2001-05-25 00:00:00+00:00,839.0,2052673.50528
2001-05-26 00:00:00+00:00,721.0,1763978.06592
2001-05-27 00:00:00+00:00,600.0,1467942.912
2001-05-28 00:00:00+00:00,503.0,1230625.47456
2001-05-29 00:00:00+00:00,338.0,826941.1737599999
2001-05-30 00:00:00+00:00,137.0,335180.29824
2001-05-31 00:00:00+00:00,127.0,310714.58304
2001-06-01 00:00:00+00:00,121.0,296035.15392
2001-06-02 00:00:00+00:00,111.0,271569.43872000003
2001-06-03 00:00:00+00:00,103.0,251996.86656
2001-06-04 00:00:00+00:00,116.0,283802.29632
2001-06-05 00:00:00+00:00,171.0,418363.72992
2001-06-06 00:00:00+00:00,374.0,915017.74848
2001-06-07 00:00:00+00:00,282.0,689933.16864
2001-06-08 00:00:00+00:00,197.0,481974.58943999995
2001-06-09 00:00:00+00:00,185.0,452615.73120000004
2001-06-10 00:00:00+00:00,165.0,403684.30079999997
2001-06-11 00:00:00+00:00,197.0,481974.58943999995
2001-06-12 00:00:00+00:00,310.0,758437.1712
2001-06-13 00:00:00+00:00,271.0,663020.88192
2001-06-14 00:00:00+00:00,209.0,511333.44768
2001-06-15 00:00:00+00:00,168.0,411024.01535999996
2001-06-16 00:00:00+00:00,134.0,327840.58368000004
2001-06-17 00:00:00+00:00,120.0,293588.5824
2001-06-18 00:00:00+00:00,112.0,274016.01024
2001-06-19 00:00:00+00:00,105.0,256890.0096
2001-06-20 00:00:00+00:00,84.0,205512.00767999998
2001-06-21 00:00:00+00:00,85.0,207958.5792
2001-06-22 00:00:00+00:00,86.0,210405.15072
2001-06-23 00:00:00+00:00,75.0,183492.864
2001-06-24 00:00:00+00:00,70.0,171260.00639999998
2001-06-25 00:00:00+00:00,66.0,161473.72032
2001-06-26 00:00:00+00:00,62.0,151687.43424
2001-06-27 00:00:00+00:00,72.0,176153.14944
2001-06-28 00:00:00+00:00,247.0,604303.16544
2001-06-29 00:00:00+00:00,128.0,313161.15456
2001-06-30 00:00:00+00:00,95.0,232424.2944
2001-07-01 00:00:00+00:00,77.0,188386.00704
2001-07-02 00:00:00+00:00,65.0,159027.1488
2001-07-03 00:00:00+00:00,56.0,137008.00512
2001-07-04 00:00:00+00:00,50.0,122328.576
2001-07-05 00:00:00+00:00,46.0,112542.28992000001
2001-07-06 00:00:00+00:00,48.0,117435.43295999999
2001-07-07 00:00:00+00:00,43.0,105202.57536
2001-07-08 00:00:00+00:00,39.0,95416.28928000001
2001-07-09 00:00:00+00:00,37.0,90523.14624
2001-07-10 00:00:00+00:00,33.0,80736.86016
2001-07-11 00:00:00+00:00,30.0,73397.1456
2001-07-12 00:00:00+00:00,29.0,70950.57408
2001-07-13 00:00:00+00:00,28.0,68504.00256
2001-07-14 00:00:00+00:00,26.0,63610.859520000005
2001-07-15 00:00:00+00:00,30.0,73397.1456
2001-07-16 00:00:00+00:00,36.0,88076.57472
2001-07-17 00:00:00+00:00,45.0,110095.7184
2001-07-18 00:00:00+00:00,37.0,90523.14624
2001-07-19 00:00:00+00:00,34.0,83183.43168
2001-07-20 00:00:00+00:00,33.0,80736.86016
2001-07-21 00:00:00+00:00,31.0,75843.71712
2001-07-22 00:00:00+00:00,28.0,68504.00256
2001-07-23 00:00:00+00:00,26.0,63610.859520000005
2001-07-24 00:00:00+00:00,24.0,58717.716479999995
2001-07-25 00:00:00+00:00,23.0,56271.144960000005
2001-07-26 00:00:00+00:00,23.0,56271.144960000005
2001-07-27 00:00:00+00:00,22.0,53824.57344
2001-07-28 00:00:00+00:00,21.0,51378.001919999995
2001-07-29 00:00:00+00:00,21.0,51378.001919999995
2001-07-30 00:00:00+00:00,26.0,63610.859520000005
2001-07-31 00:00:00+00:00,50.0,122328.576
2001-08-01 00:00:00+00:00,72.0,176153.14944
2001-08-02 00:00:00+00:00,70.0,171260.00639999998
2001-08-03 00:00:00+00:00,68.0,166366.86336
2001-08-04 00:00:00+00:00,67.0,163920.29184000002
2001-08-05 00:00:00+00:00,66.0,161473.72032
2001-08-06 00:00:00+00:00,64.0,156580.57728
2001-08-07 00:00:00+00:00,62.0,151687.43424
2001-08-08 00:00:00+00:00,60.0,146794.2912
2001-08-09 00:00:00+00:00,64.0,156580.57728
2001-08-10 00:00:00+00:00,70.0,171260.00639999998
2001-08-11 00:00:00+00:00,68.0,166366.86336
2001-08-12 00:00:00+00:00,66.0,161473.72032
2001-08-13 00:00:00+00:00,64.0,156580.57728
2001-08-14 00:00:00+00:00,63.0,154134.00576
2001-08-15 00:00:00+00:00,65.0,159027.1488
2001-08-16 00:00:00+00:00,63.0,154134.00576
2001-08-17 00:00:00+00:00,60.0,146794.2912
2001-08-18 00:00:00+00:00,58.0,141901.14816
2001-08-19 00:00:00+00:00,57.0,139454.57663999998
2001-08-20 00:00:00+00:00,55.0,134561.4336
2001-08-21 00:00:00+00:00,53.0,129668.29056000001
2001-08-22 00:00:00+00:00,51.0,124775.14752
2001-08-23 00:00:00+00:00,48.0,117435.43295999999
2001-08-24 00:00:00+00:00,47.0,114988.86144
2001-08-25 00:00:00+00:00,45.0,110095.7184
2001-08-26 00:00:00+00:00,42.0,102756.00383999999
2001-08-27 00:00:00+00:00,41.0,100309.43231999999
2001-08-28 00:00:00+00:00,39.0,95416.28928000001
2001-08-29 00:00:00+00:00,36.0,88076.57472
2001-08-30 00:00:00+00:00,34.0,83183.43168
2001-08-31 00:00:00+00:00,30.0,73397.1456
2001-09-01 00:00:00+00:00,28.0,68504.00256
2001-09-02 00:00:00+00:00,26.0,63610.859520000005
2001-09-03 00:00:00+00:00,25.0,61164.288
2001-09-04 00:00:00+00:00,24.0,58717.716479999995
2001-09-05 00:00:00+00:00,23.0,56271.144960000005
2001-09-06 00:00:00+00:00,25.0,61164.288
2001-09-07 00:00:00+00:00,25.0,61164.288
2001-09-08 00:00:00+00:00,27.0,66057.43104
2001-09-09 00:00:00+00:00,25.0,61164.288
2001-09-10 00:00:00+00:00,23.0,56271.144960000005
2001-09-11 00:00:00+00:00,19.0,46484.85888
2001-09-12 00:00:00+00:00,17.0,41591.71584
2001-09-13 00:00:00+00:00,16.0,39145.14432
2001-09-14 00:00:00+00:00,16.0,39145.14432
2001-09-15 00:00:00+00:00,15.0,36698.5728
2001-09-16 00:00:00+00:00,20.0,48931.4304
2001-09-17 00:00:00+00:00,20.0,48931.4304
2001-09-18 00:00:00+00:00,12.0,29358.858239999998
2001-09-19 00:00:00+00:00,10.0,24465.7152
2001-09-20 00:00:00+00:00,9.1,22263.800832
2001-09-21 00:00:00+00:00,8.2,20061.886464
2001-09-22 00:00:00+00:00,7.2,17615.314944
2001-09-23 00:00:00+00:00,6.9,16881.343488000002
2001-09-24 00:00:00+00:00,6.6,16147.372032
2001-09-25 00:00:00+00:00,6.7,16392.029184000003
2001-09-26 00:00:00+00:00,7.0,17126.00064
2001-09-27 00:00:00+00:00,7.0,17126.00064
2001-09-28 00:00:00+00:00,6.5,15902.714880000001
2001-09-29 00:00:00+00:00,6.2,15168.743424
2001-09-30 00:00:00+00:00,5.9,14434.771968000001
2001-10-01 00:00:00+00:00,5.92,14483.703398399999
2001-10-02 00:00:00+00:00,5.52,13505.074790399998
2001-10-03 00:00:00+00:00,5.42,13260.4176384
2001-10-04 00:00:00+00:00,5.35,13089.157632
2001-10-05 00:00:00+00:00,5.26,12868.966195199999
2001-10-06 00:00:00+00:00,5.05,12355.186176
2001-10-07 00:00:00+00:00,4.96,12134.9947392
2001-10-08 00:00:00+00:00,5.06,12379.6518912
2001-10-09 00:00:00+00:00,5.43,13284.8833536
2001-10-10 00:00:00+00:00,5.82,14239.046246400001
2001-10-11 00:00:00+00:00,9.41,23022.2380032
2001-10-12 00:00:00+00:00,10.2,24955.029504
2001-10-13 00:00:00+00:00,12.0,29358.858239999998
2001-10-14 00:00:00+00:00,15.0,36698.5728
2001-10-15 00:00:00+00:00,20.6,50399.373312
2001-10-16 00:00:00+00:00,18.0,44038.28736
2001-10-17 00:00:00+00:00,18.0,44038.28736
2001-10-18 00:00:00+00:00,17.3,42325.687296000004
2001-10-19 00:00:00+00:00,15.3,37432.544256
2001-10-20 00:00:00+00:00,14.0,34252.00128
2001-10-21 00:00:00+00:00,14.0,34252.00128
2001-10-22 00:00:00+00:00,15.5,37921.85856
2001-10-23 00:00:00+00:00,44.3,108383.118336
2001-10-24 00:00:00+00:00,33.3,81470.831616
2001-10-25 00:00:00+00:00,27.4,67036.059648
2001-10-26 00:00:00+00:00,23.9,58473.059327999996
2001-10-27 00:00:00+00:00,22.4,54803.20204799999
2001-10-28 00:00:00+00:00,61.3,149974.834176
2001-10-29 00:00:00+00:00,85.8,209915.83641599998
2001-10-30 00:00:00+00:00,179.0,437936.30207999994
2001-10-31 00:00:00+00:00,360.0,880765.7472
2001-11-01 00:00:00+00:00,232.0,567604.59264
2001-11-02 00:00:00+00:00,156.0,381665.15712000005
2001-11-03 00:00:00+00:00,123.0,300928.29696
2001-11-04 00:00:00+00:00,106.0,259336.58112000002
2001-11-05 00:00:00+00:00,93.6,228999.094272
2001-11-06 00:00:00+00:00,82.3,201352.83609599998
2001-11-07 00:00:00+00:00,71.1,173951.23507199998
2001-11-08 00:00:00+00:00,59.6,145815.662592
2001-11-09 00:00:00+00:00,54.3,132848.833536
2001-11-10 00:00:00+00:00,51.3,125509.118976
2001-11-11 00:00:00+00:00,48.6,118903.37587199999
2001-11-12 00:00:00+00:00,47.8,116946.11865599999
2001-11-13 00:00:00+00:00,49.0,119882.00448
2001-11-14 00:00:00+00:00,55.6,136029.376512
2001-11-15 00:00:00+00:00,61.8,151198.119936
2001-11-16 00:00:00+00:00,64.8,158537.834496
2001-11-17 00:00:00+00:00,63.4,155112.634368
2001-11-18 00:00:00+00:00,62.0,151687.43424
2001-11-19 00:00:00+00:00,55.8,136518.690816
2001-11-20 00:00:00+00:00,55.5,135784.71936000002
2001-11-21 00:00:00+00:00,74.1,181290.949632
2001-11-22 00:00:00+00:00,81.6,199640.236032
2001-11-23 00:00:00+00:00,80.1,195970.37875199996
2001-11-24 00:00:00+00:00,69.2,169302.74918400001
2001-11-25 00:00:00+00:00,66.8,163430.977536
2001-11-26 00:00:00+00:00,62.5,152910.72
2001-11-27 00:00:00+00:00,50.0,122328.576
2001-11-28 00:00:00+00:00,40.0,97862.8608
2001-11-29 00:00:00+00:00,65.0,159027.1488
2001-11-30 00:00:00+00:00,70.0,171260.00639999998
2001-12-01 00:00:00+00:00,65.0,159027.1488
2001-12-02 00:00:00+00:00,65.0,159027.1488
2001-12-03 00:00:00+00:00,65.0,159027.1488
2001-12-04 00:00:00+00:00,65.0,159027.1488
2001-12-05 00:00:00+00:00,55.0,134561.4336
2001-12-06 00:00:00+00:00,55.0,134561.4336
2001-12-07 00:00:00+00:00,42.0,102756.00383999999
2001-12-08 00:00:00+00:00,42.0,102756.00383999999
2001-12-09 00:00:00+00:00,44.0,107649.14688
2001-12-10 00:00:00+00:00,44.0,107649.14688
2001-12-11 00:00:00+00:00,40.0,97862.8608
2001-12-12 00:00:00+00:00,44.0,107649.14688
2001-12-13 00:00:00+00:00,50.0,122328.576
2001-12-14 00:00:00+00:00,55.0,134561.4336
2001-12-15 00:00:00+00:00,50.0,122328.576
2001-12-16 00:00:00+00:00,65.0,159027.1488
2001-12-17 00:00:00+00:00,70.0,171260.00639999998
2001-12-18 00:00:00+00:00,55.0,134561.4336
2001-12-19 00:00:00+00:00,60.0,146794.2912
2001-12-20 00:00:00+00:00,65.0,159027.1488
2001-12-21 00:00:00+00:00,50.0,122328.576
2001-12-22 00:00:00+00:00,40.0,97862.8608
2001-12-23 00:00:00+00:00,30.0,73397.1456
2001-12-24 00:00:00+00:00,30.0,73397.1456
2001-12-25 00:00:00+00:00,30.0,73397.1456
2001-12-26 00:00:00+00:00,30.0,73397.1456
2001-12-27 00:00:00+00:00,36.0,88076.57472
2001-12-28 00:00:00+00:00,48.0,117435.43295999999
2001-12-29 00:00:00+00:00,50.0,122328.576
2001-12-30 00:00:00+00:00,50.0,122328.576
2001-12-31 00:00:00+00:00,50.0,122328.576
2002-01-01 00:00:00+00:00,50.0,122328.576
2002-01-02 00:00:00+00:00,50.0,122328.576
2002-01-03 00:00:00+00:00,55.0,134561.4336
2002-01-04 00:00:00+00:00,50.0,122328.576
2002-01-05 00:00:00+00:00,44.0,107649.14688
2002-01-06 00:00:00+00:00,55.0,134561.4336
2002-01-07 00:00:00+00:00,65.0,159027.1488
2002-01-08 00:00:00+00:00,80.0,195725.7216
2002-01-09 00:00:00+00:00,80.0,195725.7216
2002-01-10 00:00:00+00:00,75.0,183492.864
2002-01-11 00:00:00+00:00,70.0,171260.00639999998
2002-01-12 00:00:00+00:00,65.0,159027.1488
2002-01-13 00:00:00+00:00,60.0,146794.2912
2002-01-14 00:00:00+00:00,55.0,134561.4336
2002-01-15 00:00:00+00:00,50.0,122328.576
2002-01-16 00:00:00+00:00,48.0,117435.43295999999
2002-01-17 00:00:00+00:00,46.0,112542.28992000001
2002-01-18 00:00:00+00:00,48.0,117435.43295999999
2002-01-19 00:00:00+00:00,48.0,117435.43295999999
2002-01-20 00:00:00+00:00,50.0,122328.576
2002-01-21 00:00:00+00:00,50.0,122328.576
2002-01-22 00:00:00+00:00,55.0,134561.4336
2002-01-23 00:00:00+00:00,50.0,122328.576
2002-01-24 00:00:00+00:00,50.0,122328.576
2002-01-25 00:00:00+00:00,50.0,122328.576
2002-01-26 00:00:00+00:00,55.0,134561.4336
2002-01-27 00:00:00+00:00,50.0,122328.576
2002-01-28 00:00:00+00:00,36.0,88076.57472
2002-01-29 00:00:00+00:00,26.0,63610.859520000005
2002-01-30 00:00:00+00:00,34.0,83183.43168
2002-01-31 00:00:00+00:00,40.0,97862.8608
2002-02-01 00:00:00+00:00,46.0,112542.28992000001
2002-02-02 00:00:00+00:00,48.0,117435.43295999999
2002-02-03 00:00:00+00:00,40.0,97862.8608
2002-02-04 00:00:00+00:00,36.0,88076.57472
2002-02-05 00:00:00+00:00,36.0,88076.57472
2002-02-06 00:00:00+00:00,40.0,97862.8608
2002-02-07 00:00:00+00:00,44.0,107649.14688
2002-02-08 00:00:00+00:00,48.0,117435.43295999999
2002-02-09 00:00:00+00:00,48.0,117435.43295999999
2002-02-10 00:00:00+00:00,44.0,107649.14688
2002-02-11 00:00:00+00:00,42.0,102756.00383999999
2002-02-12 00:00:00+00:00,38.0,92969.71776
2002-02-13 00:00:00+00:00,36.0,88076.57472
2002-02-14 00:00:00+00:00,36.0,88076.57472
2002-02-15 00:00:00+00:00,34.0,83183.43168
2002-02-16 00:00:00+00:00,42.0,102756.00383999999
2002-02-17 00:00:00+00:00,48.0,117435.43295999999
2002-02-18 00:00:00+00:00,48.0,117435.43295999999
2002-02-19 00:00:00+00:00,46.0,112542.28992000001
2002-02-20 00:00:00+00:00,46.0,112542.28992000001
2002-02-21 00:00:00+00:00,44.0,107649.14688
2002-02-22 00:00:00+00:00,46.4,113520.918528
2002-02-23 00:00:00+00:00,47.9,117190.775808
2002-02-24 00:00:00+00:00,52.6,128689.66195200001
2002-02-25 00:00:00+00:00,46.0,112542.28992000001
2002-02-26 00:00:00+00:00,42.0,102756.00383999999
2002-02-27 00:00:00+00:00,42.0,102756.00383999999
2002-02-28 00:00:00+00:00,40.0,97862.8608
2002-03-01 00:00:00+00:00,42.0,102756.00383999999
2002-03-02 00:00:00+00:00,38.0,92969.71776
2002-03-03 00:00:00+00:00,38.0,92969.71776
2002-03-04 00:00:00+00:00,44.0,107649.14688
2002-03-05 00:00:00+00:00,50.0,122328.576
2002-03-06 00:00:00+00:00,55.0,134561.4336
2002-03-07 00:00:00+00:00,55.0,134561.4336
2002-03-08 00:00:00+00:00,50.0,122328.576
2002-03-09 00:00:00+00:00,50.0,122328.576
2002-03-10 00:00:00+00:00,50.0,122328.576
2002-03-11 00:00:00+00:00,50.7,124041.17606400001
2002-03-12 00:00:00+00:00,50.4,123307.204608
2002-03-13 00:00:00+00:00,47.5,116212.1472
2002-03-14 00:00:00+00:00,43.7,106915.17542400002
2002-03-15 00:00:00+00:00,44.0,107649.14688
2002-03-16 00:00:00+00:00,44.0,107649.14688
2002-03-17 00:00:00+00:00,44.0,107649.14688
2002-03-18 00:00:00+00:00,44.0,107649.14688
2002-03-19 00:00:00+00:00,42.0,102756.00383999999
2002-03-20 00:00:00+00:00,42.0,102756.00383999999
2002-03-21 00:00:00+00:00,42.2,103245.318144
2002-03-22 00:00:00+00:00,46.2,113031.60422400001
2002-03-23 00:00:00+00:00,51.0,124775.14752
2002-03-24 00:00:00+00:00,54.3,132848.833536
2002-03-25 00:00:00+00:00,52.0,127221.71904000001
2002-03-26 00:00:00+00:00,49.9,122083.91884799999
2002-03-27 00:00:00+00:00,48.6,118903.37587199999
2002-03-28 00:00:00+00:00,46.3,113276.261376
2002-03-29 00:00:00+00:00,45.1,110340.375552
2002-03-30 00:00:00+00:00,44.5,108872.43264
2002-03-31 00:00:00+00:00,51.5,125998.43328
2002-04-01 00:00:00+00:00,62.2,152176.748544
2002-04-02 00:00:00+00:00,73.1,178844.37811199998
2002-04-03 00:00:00+00:00,75.1,183737.52115199997
2002-04-04 00:00:00+00:00,89.6,219212.80819199997
2002-04-05 00:00:00+00:00,112.0,274016.01024
2002-04-06 00:00:00+00:00,148.0,362092.58496
2002-04-07 00:00:00+00:00,176.0,430596.58752
2002-04-08 00:00:00+00:00,168.0,411024.01535999996
2002-04-09 00:00:00+00:00,202.0,494207.44703999994
2002-04-10 00:00:00+00:00,254.0,621429.16608
2002-04-11 00:00:00+00:00,216.0,528459.44832
2002-04-12 00:00:00+00:00,200.0,489314.304
2002-04-13 00:00:00+00:00,279.0,682593.4540799999
2002-04-14 00:00:00+00:00,1120.0,2740160.1023999997
2002-04-15 00:00:00+00:00,1400.0,3425200.128
2002-04-16 00:00:00+00:00,820.0,2006188.6464
2002-04-17 00:00:00+00:00,521.0,1274663.76192
2002-04-18 00:00:00+00:00,382.0,934590.3206399999
2002-04-19 00:00:00+00:00,319.0,780456.3148800001
2002-04-20 00:00:00+00:00,298.0,729078.31296
2002-04-21 00:00:00+00:00,302.0,738864.5990399999
2002-04-22 00:00:00+00:00,313.0,765776.88576
2002-04-23 00:00:00+00:00,413.0,1010434.03776
2002-04-24 00:00:00+00:00,369.0,902784.89088
2002-04-25 00:00:00+00:00,398.0,973735.46496
2002-04-26 00:00:00+00:00,505.0,1235518.6176
2002-04-27 00:00:00+00:00,511.0,1250198.04672
2002-04-28 00:00:00+00:00,439.0,1074044.8972800002
2002-04-29 00:00:00+00:00,521.0,1274663.76192
2002-04-30 00:00:00+00:00,728.0,1781104.06656
2002-05-01 00:00:00+00:00,965.0,2360941.5168
2002-05-02 00:00:00+00:00,1080.0,2642297.2416
2002-05-03 00:00:00+00:00,1140.0,2789091.5327999997
2002-05-04 00:00:00+00:00,979.0,2395193.51808
2002-05-05 00:00:00+00:00,944.0,2309563.51488
2002-05-06 00:00:00+00:00,650.0,1590271.488
2002-05-07 00:00:00+00:00,522.0,1277110.33344
2002-05-08 00:00:00+00:00,429.0,1049579.18208
2002-05-09 00:00:00+00:00,369.0,902784.89088
2002-05-10 00:00:00+00:00,343.0,839174.0313599999
2002-05-11 00:00:00+00:00,403.0,985968.32256
2002-05-12 00:00:00+00:00,671.0,1641649.48992
2002-05-13 00:00:00+00:00,1110.0,2715694.3871999998
2002-05-14 00:00:00+00:00,1470.0,3596460.1344
2002-05-15 00:00:00+00:00,1440.0,3523062.9888
2002-05-16 00:00:00+00:00,1320.0,3229474.4063999997
2002-05-17 00:00:00+00:00,1390.0,3400734.4128
2002-05-18 00:00:00+00:00,1640.0,4012377.2928
2002-05-19 00:00:00+00:00,2280.0,5578183.065599999
2002-05-20 00:00:00+00:00,2120.0,5186731.6224
2002-05-21 00:00:00+00:00,1560.0,3816651.5712
2002-05-22 00:00:00+00:00,975.0,2385407.232
2002-05-23 00:00:00+00:00,759.0,1856947.78368
2002-05-24 00:00:00+00:00,846.0,2069799.50592
2002-05-25 00:00:00+00:00,1250.0,3058214.4
2002-05-26 00:00:00+00:00,1690.0,4134705.8688000003
2002-05-27 00:00:00+00:00,1920.0,4697417.3184
2002-05-28 00:00:00+00:00,2460.0,6018565.9392
2002-05-29 00:00:00+00:00,2740.0,6703605.9648
2002-05-30 00:00:00+00:00,2870.0,7021660.2624
2002-05-31 00:00:00+00:00,2260.0,5529251.635199999
2002-06-01 00:00:00+00:00,2020.0,4942074.4704
2002-06-02 00:00:00+00:00,2090.0,5113334.476799999
2002-06-03 00:00:00+00:00,1680.0,4110240.1536
2002-06-04 00:00:00+00:00,1580.0,3865583.0016
2002-06-05 00:00:00+00:00,1610.0,3938980.1471999995
2002-06-06 00:00:00+00:00,1550.0,3792185.8559999997
2002-06-07 00:00:00+00:00,1260.0,3082680.1152
2002-06-08 00:00:00+00:00,945.0,2312010.0864
2002-06-09 00:00:00+00:00,680.0,1663668.6336
2002-06-10 00:00:00+00:00,568.0,1389652.62336
2002-06-11 00:00:00+00:00,554.0,1355400.6220800001
2002-06-12 00:00:00+00:00,680.0,1663668.6336
2002-06-13 00:00:00+00:00,886.0,2167662.36672
2002-06-14 00:00:00+00:00,1020.0,2495502.9504
2002-06-15 00:00:00+00:00,1120.0,2740160.1023999997
2002-06-16 00:00:00+00:00,1110.0,2715694.3871999998
2002-06-17 00:00:00+00:00,983.0,2404979.8041600003
2002-06-18 00:00:00+00:00,980.0,2397640.0896
2002-06-19 00:00:00+00:00,773.0,1891199.78496
2002-06-20 00:00:00+00:00,669.0,1636756.3468799999
2002-06-21 00:00:00+00:00,614.0,1502194.9132799997
2002-06-22 00:00:00+00:00,568.0,1389652.62336
2002-06-23 00:00:00+00:00,525.0,1284450.048
2002-06-24 00:00:00+00:00,501.0,1225732.33152
2002-06-25 00:00:00+00:00,443.0,1083831.18336
2002-06-26 00:00:00+00:00,422.0,1032453.18144
2002-06-27 00:00:00+00:00,359.0,878319.17568
2002-06-28 00:00:00+00:00,307.0,751097.4566399999
2002-06-29 00:00:00+00:00,277.0,677700.3110400001
2002-06-30 00:00:00+00:00,207.0,506440.30463999993
2002-07-01 00:00:00+00:00,168.0,411024.01535999996
2002-07-02 00:00:00+00:00,153.0,374325.44256
2002-07-03 00:00:00+00:00,139.0,340073.44128
2002-07-04 00:00:00+00:00,128.0,313161.15456
2002-07-05 00:00:00+00:00,124.0,303374.86848
2002-07-06 00:00:00+00:00,120.0,293588.5824
2002-07-07 00:00:00+00:00,100.0,244657.152
2002-07-08 00:00:00+00:00,95.0,232424.2944
2002-07-09 00:00:00+00:00,85.0,207958.5792
2002-07-10 00:00:00+00:00,80.0,195725.7216
2002-07-11 00:00:00+00:00,75.0,183492.864
2002-07-12 00:00:00+00:00,65.0,159027.1488
2002-07-13 00:00:00+00:00,60.0,146794.2912
2002-07-14 00:00:00+00:00,55.0,134561.4336
2002-07-15 00:00:00+00:00,50.0,122328.576
2002-07-16 00:00:00+00:00,45.0,110095.7184
2002-07-17 00:00:00+00:00,45.0,110095.7184
2002-07-18 00:00:00+00:00,40.0,97862.8608
2002-07-19 00:00:00+00:00,38.0,92969.71776
2002-07-20 00:00:00+00:00,37.2,91012.460544
2002-07-21 00:00:00+00:00,34.1,83428.08883200001
2002-07-22 00:00:00+00:00,31.2,76333.031424
2002-07-23 00:00:00+00:00,29.1,71195.231232
2002-07-24 00:00:00+00:00,38.4,93948.34636799998
2002-07-25 00:00:00+00:00,36.9,90278.48908799999
2002-07-26 00:00:00+00:00,35.4,86608.631808
2002-07-27 00:00:00+00:00,34.4,84162.060288
2002-07-28 00:00:00+00:00,33.7,82449.46022400001
2002-07-29 00:00:00+00:00,33.3,81470.831616
2002-07-30 00:00:00+00:00,32.8,80247.545856
2002-07-31 00:00:00+00:00,32.6,79758.231552
2002-08-01 00:00:00+00:00,32.1,78534.945792
2002-08-02 00:00:00+00:00,31.7,77556.317184
2002-08-03 00:00:00+00:00,31.6,77311.660032
2002-08-04 00:00:00+00:00,31.6,77311.660032
2002-08-05 00:00:00+00:00,33.5,81960.14592000001
2002-08-06 00:00:00+00:00,44.7,109361.74694400001
2002-08-07 00:00:00+00:00,43.6,106670.518272
2002-08-08 00:00:00+00:00,43.2,105691.889664
2002-08-09 00:00:00+00:00,44.2,108138.461184
2002-08-10 00:00:00+00:00,49.1,120126.661632
2002-08-11 00:00:00+00:00,48.3,118169.40441599999
2002-08-12 00:00:00+00:00,46.8,114499.547136
2002-08-13 00:00:00+00:00,46.6,114010.23283200001
2002-08-14 00:00:00+00:00,45.5,111319.00416
2002-08-15 00:00:00+00:00,47.3,115722.83289599998
2002-08-16 00:00:00+00:00,49.8,121839.261696
2002-08-17 00:00:00+00:00,49.6,121349.947392
2002-08-18 00:00:00+00:00,48.4,118414.06156799999
2002-08-19 00:00:00+00:00,46.9,114744.204288
2002-08-20 00:00:00+00:00,46.6,114010.23283200001
2002-08-21 00:00:00+00:00,46.1,112786.947072
2002-08-22 00:00:00+00:00,45.3,110829.689856
2002-08-23 00:00:00+00:00,46.2,113031.60422400001
2002-08-24 00:00:00+00:00,54.7,133827.462144
2002-08-25 00:00:00+00:00,54.0,132114.86208
2002-08-26 00:00:00+00:00,53.5,130891.57632
2002-08-27 00:00:00+00:00,51.5,125998.43328
2002-08-28 00:00:00+00:00,50.4,123307.204608
2002-08-29 00:00:00+00:00,50.1,122573.23315200002
2002-08-30 00:00:00+00:00,49.4,120860.633088
2002-08-31 00:00:00+00:00,48.3,118169.40441599999
2002-09-01 00:00:00+00:00,46.7,114254.889984
2002-09-02 00:00:00+00:00,46.0,112542.28992000001
2002-09-03 00:00:00+00:00,51.6,126243.090432
2002-09-04 00:00:00+00:00,58.2,142390.462464
2002-09-05 00:00:00+00:00,56.1,137252.66227200002
2002-09-06 00:00:00+00:00,54.2,132604.17638400002
2002-09-07 00:00:00+00:00,51.1,125019.804672
2002-09-08 00:00:00+00:00,48.6,118903.37587199999
2002-09-09 00:00:00+00:00,46.1,112786.947072
2002-09-10 00:00:00+00:00,42.6,104223.946752
2002-09-11 00:00:00+00:00,36.7,89789.17478400002
2002-09-12 00:00:00+00:00,32.3,79024.26009599998
2002-09-13 00:00:00+00:00,27.8,68014.688256
2002-09-14 00:00:00+00:00,25.9,63366.20236799999
2002-09-15 00:00:00+00:00,24.6,60185.659392
2002-09-16 00:00:00+00:00,23.6,57739.087872000004
2002-09-17 00:00:00+00:00,23.4,57249.773568
2002-09-18 00:00:00+00:00,23.9,58473.059327999996
2002-09-19 00:00:00+00:00,21.9,53579.91628799999
2002-09-20 00:00:00+00:00,20.9,51133.344767999995
2002-09-21 00:00:00+00:00,19.6,47952.801792000006
2002-09-22 00:00:00+00:00,18.6,45506.230272
2002-09-23 00:00:00+00:00,17.7,43304.315904
2002-09-24 00:00:00+00:00,15.9,38900.487168
2002-09-25 00:00:00+00:00,15.1,36943.229951999994
2002-09-26 00:00:00+00:00,14.1,34496.658432
2002-09-27 00:00:00+00:00,14.0,34252.00128
2002-09-28 00:00:00+00:00,13.5,33028.71552
2002-09-29 00:00:00+00:00,12.9,31560.772608
2002-09-30 00:00:00+00:00,14.0,34252.00128
2002-10-01 00:00:00+00:00,11.4,27890.915328000003
2002-10-02 00:00:00+00:00,9.45,23120.100863999996
2002-10-03 00:00:00+00:00,9.09,22239.3351168
2002-10-04 00:00:00+00:00,9.0,22019.14368
2002-10-05 00:00:00+00:00,9.3,22753.115136
2002-10-06 00:00:00+00:00,9.3,22753.115136
2002-10-07 00:00:00+00:00,9.18,22459.5265536
2002-10-08 00:00:00+00:00,8.72,21334.1036544
2002-10-09 00:00:00+00:00,8.43,20624.5979136
2002-10-10 00:00:00+00:00,8.2,20061.886464
2002-10-11 00:00:00+00:00,8.02,19621.5035904
2002-10-12 00:00:00+00:00,7.73,18911.9978496
2002-10-13 00:00:00+00:00,7.45,18226.957824
2002-10-14 00:00:00+00:00,7.28,17811.0406656
2002-10-15 00:00:00+00:00,7.34,17957.8349568
2002-10-16 00:00:00+00:00,7.35,17982.300671999998
2002-10-17 00:00:00+00:00,7.27,17786.574950399998
2002-10-18 00:00:00+00:00,7.27,17786.574950399998
2002-10-19 00:00:00+00:00,7.26,17762.1092352
2002-10-20 00:00:00+00:00,7.19,17590.8492288
2002-10-21 00:00:00+00:00,7.27,17786.574950399998
2002-10-22 00:00:00+00:00,7.3,17859.972096
2002-10-23 00:00:00+00:00,7.27,17786.574950399998
2002-10-24 00:00:00+00:00,7.27,17786.574950399998
2002-10-25 00:00:00+00:00,8.0,19572.57216
2002-10-26 00:00:00+00:00,8.0,19572.57216
2002-10-27 00:00:00+00:00,8.0,19572.57216
2002-10-28 00:00:00+00:00,7.14,17468.520652799998
2002-10-29 00:00:00+00:00,7.45,18226.957824
2002-10-30 00:00:00+00:00,7.36,18006.7663872
2002-10-31 00:00:00+00:00,6.12,14973.0177024
2002-11-01 00:00:00+00:00,6.0,14679.429119999999
2002-11-02 00:00:00+00:00,6.0,14679.429119999999
2002-11-03 00:00:00+00:00,7.26,17762.1092352
2002-11-04 00:00:00+00:00,7.48,18300.3549696
2002-11-05 00:00:00+00:00,7.98,19523.6407296
2002-11-06 00:00:00+00:00,8.4,20551.200768000002
2002-11-07 00:00:00+00:00,8.57,20967.117926400002
2002-11-08 00:00:00+00:00,14.9,36453.915648
2002-11-09 00:00:00+00:00,26.2,64100.17382399999
2002-11-10 00:00:00+00:00,36.0,88076.57472
2002-11-11 00:00:00+00:00,32.3,79024.26009599998
2002-11-12 00:00:00+00:00,24.7,60430.316544
2002-11-13 00:00:00+00:00,21.9,53579.91628799999
2002-11-14 00:00:00+00:00,18.0,44038.28736
2002-11-15 00:00:00+00:00,15.8,38655.830016
2002-11-16 00:00:00+00:00,14.1,34496.658432
2002-11-17 00:00:00+00:00,13.2,32294.744064
2002-11-18 00:00:00+00:00,12.7,31071.458303999996
2002-11-19 00:00:00+00:00,11.9,29114.201087999998
2002-11-20 00:00:00+00:00,10.6,25933.658112
2002-11-21 00:00:00+00:00,10.4,25444.343807999998
2002-11-22 00:00:00+00:00,11.0,26912.28672
2002-11-23 00:00:00+00:00,11.7,28624.886784
2002-11-24 00:00:00+00:00,13.6,33273.372672
2002-11-25 00:00:00+00:00,12.0,29358.858239999998
2002-11-26 00:00:00+00:00,11.0,26912.28672
2002-11-27 00:00:00+00:00,12.0,29358.858239999998
2002-11-28 00:00:00+00:00,12.2,29848.172543999997
2002-11-29 00:00:00+00:00,12.3,30092.829696
2002-11-30 00:00:00+00:00,12.6,30826.801152
2002-12-01 00:00:00+00:00,12.7,31071.458303999996
2002-12-02 00:00:00+00:00,12.5,30582.144
2002-12-03 00:00:00+00:00,12.9,31560.772608
2002-12-04 00:00:00+00:00,12.0,29358.858239999998
2002-12-05 00:00:00+00:00,13.0,31805.429760000003
2002-12-06 00:00:00+00:00,11.0,26912.28672
2002-12-07 00:00:00+00:00,9.0,22019.14368
2002-12-08 00:00:00+00:00,9.0,22019.14368
2002-12-09 00:00:00+00:00,10.0,24465.7152
2002-12-10 00:00:00+00:00,13.0,31805.429760000003
2002-12-11 00:00:00+00:00,16.0,39145.14432
2002-12-12 00:00:00+00:00,18.0,44038.28736
2002-12-13 00:00:00+00:00,24.0,58717.716479999995
2002-12-14 00:00:00+00:00,30.0,73397.1456
2002-12-15 00:00:00+00:00,38.0,92969.71776
2002-12-16 00:00:00+00:00,32.0,78290.28864
2002-12-17 00:00:00+00:00,28.0,68504.00256
2002-12-18 00:00:00+00:00,20.0,48931.4304
2002-12-19 00:00:00+00:00,19.0,46484.85888
2002-12-20 00:00:00+00:00,19.0,46484.85888
2002-12-21 00:00:00+00:00,20.0,48931.4304
2002-12-22 00:00:00+00:00,18.0,44038.28736
2002-12-23 00:00:00+00:00,16.0,39145.14432
2002-12-24 00:00:00+00:00,14.0,34252.00128
2002-12-25 00:00:00+00:00,11.0,26912.28672
2002-12-26 00:00:00+00:00,11.0,26912.28672
2002-12-27 00:00:00+00:00,13.0,31805.429760000003
2002-12-28 00:00:00+00:00,24.0,58717.716479999995
2002-12-29 00:00:00+00:00,24.0,58717.716479999995
2002-12-30 00:00:00+00:00,18.0,44038.28736
2002-12-31 00:00:00+00:00,17.0,41591.71584
2003-01-01 00:00:00+00:00,16.0,39145.14432
2003-01-02 00:00:00+00:00,15.0,36698.5728
2003-01-03 00:00:00+00:00,17.0,41591.71584
2003-01-04 00:00:00+00:00,18.0,44038.28736
2003-01-05 00:00:00+00:00,18.0,44038.28736
2003-01-06 00:00:00+00:00,17.0,41591.71584
2003-01-07 00:00:00+00:00,14.0,34252.00128
2003-01-08 00:00:00+00:00,12.0,29358.858239999998
2003-01-09 00:00:00+00:00,12.0,29358.858239999998
2003-01-10 00:00:00+00:00,13.0,31805.429760000003
2003-01-11 00:00:00+00:00,15.0,36698.5728
2003-01-12 00:00:00+00:00,16.0,39145.14432
2003-01-13 00:00:00+00:00,16.0,39145.14432
2003-01-14 00:00:00+00:00,18.0,44038.28736
2003-01-15 00:00:00+00:00,22.0,53824.57344
2003-01-16 00:00:00+00:00,18.0,44038.28736
2003-01-17 00:00:00+00:00,17.0,41591.71584
2003-01-18 00:00:00+00:00,13.0,31805.429760000003
2003-01-19 00:00:00+00:00,12.0,29358.858239999998
2003-01-20 00:00:00+00:00,14.0,34252.00128
2003-01-21 00:00:00+00:00,16.0,39145.14432
2003-01-22 00:00:00+00:00,15.0,36698.5728
2003-01-23 00:00:00+00:00,19.0,46484.85888
2003-01-24 00:00:00+00:00,20.0,48931.4304
2003-01-25 00:00:00+00:00,18.0,44038.28736
2003-01-26 00:00:00+00:00,20.0,48931.4304
2003-01-27 00:00:00+00:00,65.0,159027.1488
2003-01-28 00:00:00+00:00,60.0,146794.2912
2003-01-29 00:00:00+00:00,50.0,122328.576
2003-01-30 00:00:00+00:00,50.0,122328.576
2003-01-31 00:00:00+00:00,50.0,122328.576
2003-02-01 00:00:00+00:00,90.0,220191.4368
2003-02-02 00:00:00+00:00,90.0,220191.4368
2003-02-03 00:00:00+00:00,80.0,195725.7216
2003-02-04 00:00:00+00:00,70.0,171260.00639999998
2003-02-05 00:00:00+00:00,60.0,146794.2912
2003-02-06 00:00:00+00:00,60.0,146794.2912
2003-02-07 00:00:00+00:00,55.0,134561.4336
2003-02-08 00:00:00+00:00,60.0,146794.2912
2003-02-09 00:00:00+00:00,50.0,122328.576
2003-02-10 00:00:00+00:00,50.0,122328.576
2003-02-11 00:00:00+00:00,50.0,122328.576
2003-02-12 00:00:00+00:00,55.0,134561.4336
2003-02-13 00:00:00+00:00,60.0,146794.2912
2003-02-14 00:00:00+00:00,60.0,146794.2912
2003-02-15 00:00:00+00:00,55.0,134561.4336
2003-02-16 00:00:00+00:00,50.0,122328.576
2003-02-17 00:00:00+00:00,50.0,122328.576
2003-02-18 00:00:00+00:00,50.0,122328.576
2003-02-19 00:00:00+00:00,48.0,117435.43295999999
2003-02-20 00:00:00+00:00,48.0,117435.43295999999
2003-02-21 00:00:00+00:00,48.0,117435.43295999999
2003-02-22 00:00:00+00:00,48.0,117435.43295999999
2003-02-23 00:00:00+00:00,44.0,107649.14688
2003-02-24 00:00:00+00:00,36.0,88076.57472
2003-02-25 00:00:00+00:00,30.0,73397.1456
2003-02-26 00:00:00+00:00,36.0,88076.57472
2003-02-27 00:00:00+00:00,36.0,88076.57472
2003-02-28 00:00:00+00:00,38.0,92969.71776
2003-03-01 00:00:00+00:00,42.0,102756.00383999999
2003-03-02 00:00:00+00:00,42.0,102756.00383999999
2003-03-03 00:00:00+00:00,42.0,102756.00383999999
2003-03-04 00:00:00+00:00,40.0,97862.8608
2003-03-05 00:00:00+00:00,40.0,97862.8608
2003-03-06 00:00:00+00:00,40.0,97862.8608
2003-03-07 00:00:00+00:00,40.0,97862.8608
2003-03-08 00:00:00+00:00,40.0,97862.8608
2003-03-09 00:00:00+00:00,40.0,97862.8608
2003-03-10 00:00:00+00:00,40.0,97862.8608
2003-03-11 00:00:00+00:00,40.0,97862.8608
2003-03-12 00:00:00+00:00,42.0,102756.00383999999
2003-03-13 00:00:00+00:00,46.0,112542.28992000001
2003-03-14 00:00:00+00:00,55.0,134561.4336
2003-03-15 00:00:00+00:00,70.0,171260.00639999998
2003-03-16 00:00:00+00:00,90.0,220191.4368
2003-03-17 00:00:00+00:00,88.3,216032.26521599997
2003-03-18 00:00:00+00:00,77.2,188875.32134400003
2003-03-19 00:00:00+00:00,73.8,180556.97817599998
2003-03-20 00:00:00+00:00,72.2,176642.463744
2003-03-21 00:00:00+00:00,69.3,169547.406336
2003-03-22 00:00:00+00:00,140.0,342520.01279999997
2003-03-23 00:00:00+00:00,220.0,538245.7344
2003-03-24 00:00:00+00:00,183.0,447722.58816
2003-03-25 00:00:00+00:00,147.0,359646.01344
2003-03-26 00:00:00+00:00,132.0,322947.44064
2003-03-27 00:00:00+00:00,114.0,278909.15327999997
2003-03-28 00:00:00+00:00,112.0,274016.01024
2003-03-29 00:00:00+00:00,94.8,231934.98009599998
2003-03-30 00:00:00+00:00,94.5,231201.00864000001
2003-03-31 00:00:00+00:00,113.0,276462.58176000003
2003-04-01 00:00:00+00:00,170.0,415917.1584
2003-04-02 00:00:00+00:00,181.0,442829.44512
2003-04-03 00:00:00+00:00,152.0,371878.87104
2003-04-04 00:00:00+00:00,137.0,335180.29824
2003-04-05 00:00:00+00:00,126.0,308268.01152
2003-04-06 00:00:00+00:00,116.0,283802.29632
2003-04-07 00:00:00+00:00,110.0,269122.8672
2003-04-08 00:00:00+00:00,104.0,254443.43808000002
2003-04-09 00:00:00+00:00,118.0,288695.43936
2003-04-10 00:00:00+00:00,166.0,406130.87232
2003-04-11 00:00:00+00:00,280.0,685040.0255999999
2003-04-12 00:00:00+00:00,419.0,1025113.4668800001
2003-04-13 00:00:00+00:00,479.0,1171907.75808
2003-04-14 00:00:00+00:00,405.0,990861.4656
2003-04-15 00:00:00+00:00,316.0,773116.60032
2003-04-16 00:00:00+00:00,269.0,658127.73888
2003-04-17 00:00:00+00:00,239.0,584730.5932799999
2003-04-18 00:00:00+00:00,213.0,521119.73376000003
2003-04-19 00:00:00+00:00,197.0,481974.58943999995
2003-04-20 00:00:00+00:00,228.0,557818.3065599999
2003-04-21 00:00:00+00:00,328.0,802475.4585599999
2003-04-22 00:00:00+00:00,460.0,1125422.8991999999
2003-04-23 00:00:00+00:00,660.0,1614737.2031999999
2003-04-24 00:00:00+00:00,682.0,1668561.7766399998
2003-04-25 00:00:00+00:00,727.0,1778657.49504
2003-04-26 00:00:00+00:00,505.0,1235518.6176
2003-04-27 00:00:00+00:00,370.0,905231.4624000001
2003-04-28 00:00:00+00:00,316.0,773116.60032
2003-04-29 00:00:00+00:00,326.0,797582.31552
2003-04-30 00:00:00+00:00,376.0,919910.89152
2003-05-01 00:00:00+00:00,365.0,892998.6048000001
2003-05-02 00:00:00+00:00,421.0,1030006.6099200001
2003-05-03 00:00:00+00:00,497.0,1215946.04544
2003-05-04 00:00:00+00:00,523.0,1279556.90496
2003-05-05 00:00:00+00:00,416.0,1017773.7523200001
2003-05-06 00:00:00+00:00,336.0,822048.0307199999
2003-05-07 00:00:00+00:00,303.0,741311.17056
2003-05-08 00:00:00+00:00,319.0,780456.3148800001
2003-05-09 00:00:00+00:00,407.0,995754.60864
2003-05-10 00:00:00+00:00,509.0,1245304.90368
2003-05-11 00:00:00+00:00,589.0,1441030.62528
2003-05-12 00:00:00+00:00,552.0,1350507.47904
2003-05-13 00:00:00+00:00,544.0,1330934.90688
2003-05-14 00:00:00+00:00,820.0,2006188.6464
2003-05-15 00:00:00+00:00,1440.0,3523062.9888
2003-05-16 00:00:00+00:00,1460.0,3571994.4192000004
2003-05-17 00:00:00+00:00,988.0,2417212.66176
2003-05-18 00:00:00+00:00,672.0,1644096.0614399998
2003-05-19 00:00:00+00:00,544.0,1330934.90688
2003-05-20 00:00:00+00:00,715.0,1749298.6368
2003-05-21 00:00:00+00:00,1080.0,2642297.2416
2003-05-22 00:00:00+00:00,1580.0,3865583.0016
2003-05-23 00:00:00+00:00,2270.0,5553717.3504
2003-05-24 00:00:00+00:00,2810.0,6874865.9712
2003-05-25 00:00:00+00:00,3120.0,7633303.1424
2003-05-26 00:00:00+00:00,3130.0,7657768.857600001
2003-05-27 00:00:00+00:00,2970.0,7266317.4144
2003-05-28 00:00:00+00:00,3190.0,7804563.1488
2003-05-29 00:00:00+00:00,3650.0,8929986.048
2003-05-30 00:00:00+00:00,3870.0,9468231.7824
2003-05-31 00:00:00+00:00,3170.0,7755631.718400001
2003-06-01 00:00:00+00:00,2610.0,6385551.6672
2003-06-02 00:00:00+00:00,2380.0,5822840.2176
2003-06-03 00:00:00+00:00,2140.0,5235663.0528
2003-06-04 00:00:00+00:00,2080.0,5088868.7616
2003-06-05 00:00:00+00:00,2180.0,5333525.9136
2003-06-06 00:00:00+00:00,2150.0,5260128.767999999
2003-06-07 00:00:00+00:00,2170.0,5309060.1984
2003-06-08 00:00:00+00:00,2150.0,5260128.767999999
2003-06-09 00:00:00+00:00,2100.0,5137800.192
2003-06-10 00:00:00+00:00,1860.0,4550623.027199999
2003-06-11 00:00:00+00:00,1610.0,3938980.1471999995
2003-06-12 00:00:00+00:00,1460.0,3571994.4192000004
2003-06-13 00:00:00+00:00,1390.0,3400734.4128
2003-06-14 00:00:00+00:00,1320.0,3229474.4063999997
2003-06-15 00:00:00+00:00,1230.0,3009282.9696
2003-06-16 00:00:00+00:00,1190.0,2911420.1088
2003-06-17 00:00:00+00:00,1180.0,2886954.3936
2003-06-18 00:00:00+00:00,1030.0,2519968.6656
2003-06-19 00:00:00+00:00,895.0,2189681.5104
2003-06-20 00:00:00+00:00,1030.0,2519968.6656
2003-06-21 00:00:00+00:00,697.0,1705260.34944
2003-06-22 00:00:00+00:00,521.0,1274663.76192
2003-06-23 00:00:00+00:00,440.0,1076491.4688
2003-06-24 00:00:00+00:00,436.0,1066705.18272
2003-06-25 00:00:00+00:00,370.0,905231.4624000001
2003-06-26 00:00:00+00:00,328.0,802475.4585599999
2003-06-27 00:00:00+00:00,325.0,795135.744
2003-06-28 00:00:00+00:00,299.0,731524.88448
2003-06-29 00:00:00+00:00,246.0,601856.59392
2003-06-30 00:00:00+00:00,188.0,459955.44576
2003-07-01 00:00:00+00:00,132.0,322947.44064
2003-07-02 00:00:00+00:00,108.0,264229.72416
2003-07-03 00:00:00+00:00,93.5,228754.43712
2003-07-04 00:00:00+00:00,80.2,196215.035904
2003-07-05 00:00:00+00:00,72.0,176153.14944
2003-07-06 00:00:00+00:00,62.6,153155.377152
2003-07-07 00:00:00+00:00,56.5,138231.29088000002
2003-07-08 00:00:00+00:00,59.4,145326.34828799998
2003-07-09 00:00:00+00:00,57.2,139943.890944
2003-07-10 00:00:00+00:00,58.6,143369.091072
2003-07-11 00:00:00+00:00,64.6,158048.52019199997
2003-07-12 00:00:00+00:00,64.7,158293.177344
2003-07-13 00:00:00+00:00,60.4,147772.91980799998
2003-07-14 00:00:00+00:00,55.8,136518.690816
2003-07-15 00:00:00+00:00,52.2,127711.03334400001
2003-07-16 00:00:00+00:00,47.7,116701.461504
2003-07-17 00:00:00+00:00,42.8,104713.261056
2003-07-18 00:00:00+00:00,39.1,95660.946432
2003-07-19 00:00:00+00:00,36.1,88321.231872
2003-07-20 00:00:00+00:00,33.5,81960.14592000001
2003-07-21 00:00:00+00:00,30.2,73886.45990399999
2003-07-22 00:00:00+00:00,27.1,66302.08819200001
2003-07-23 00:00:00+00:00,32.9,80492.203008
2003-07-24 00:00:00+00:00,33.0,80736.86016
2003-07-25 00:00:00+00:00,33.2,81226.174464
2003-07-26 00:00:00+00:00,35.4,86608.631808
2003-07-27 00:00:00+00:00,39.9,97618.203648
2003-07-28 00:00:00+00:00,36.0,88076.57472
2003-07-29 00:00:00+00:00,33.5,81960.14592000001
2003-07-30 00:00:00+00:00,32.0,78290.28864
2003-07-31 00:00:00+00:00,30.3,74131.117056
2003-08-01 00:00:00+00:00,29.0,70950.57408
2003-08-02 00:00:00+00:00,28.4,69482.63116799999
2003-08-03 00:00:00+00:00,29.9,73152.48844799999
2003-08-04 00:00:00+00:00,30.1,73641.802752
2003-08-05 00:00:00+00:00,30.8,75354.402816
2003-08-06 00:00:00+00:00,30.1,73641.802752
2003-08-07 00:00:00+00:00,29.0,70950.57408
2003-08-08 00:00:00+00:00,28.5,69727.28831999999
2003-08-09 00:00:00+00:00,27.9,68259.345408
2003-08-10 00:00:00+00:00,27.6,67525.37395200001
2003-08-11 00:00:00+00:00,26.8,65568.11673600001
2003-08-12 00:00:00+00:00,26.7,65323.459584
2003-08-13 00:00:00+00:00,26.4,64589.488128
2003-08-14 00:00:00+00:00,26.0,63610.859520000005
2003-08-15 00:00:00+00:00,26.0,63610.859520000005
2003-08-16 00:00:00+00:00,25.6,62632.230912
2003-08-17 00:00:00+00:00,25.2,61653.602304
2003-08-18 00:00:00+00:00,24.7,60430.316544
2003-08-19 00:00:00+00:00,24.3,59451.687935999995
2003-08-20 00:00:00+00:00,24.0,58717.716479999995
2003-08-21 00:00:00+00:00,26.8,65568.11673600001
2003-08-22 00:00:00+00:00,38.1,93214.374912
2003-08-23 00:00:00+00:00,60.0,146794.2912
2003-08-24 00:00:00+00:00,54.1,132359.519232
2003-08-25 00:00:00+00:00,51.5,125998.43328
2003-08-26 00:00:00+00:00,50.4,123307.204608
2003-08-27 00:00:00+00:00,51.0,124775.14752
2003-08-28 00:00:00+00:00,49.4,120860.633088
2003-08-29 00:00:00+00:00,48.1,117680.090112
2003-08-30 00:00:00+00:00,46.6,114010.23283200001
2003-08-31 00:00:00+00:00,45.1,110340.375552
2003-09-01 00:00:00+00:00,44.5,108872.43264
2003-09-02 00:00:00+00:00,43.5,106425.86111999999
2003-09-03 00:00:00+00:00,42.4,103734.632448
2003-09-04 00:00:00+00:00,41.9,102511.34668799999
2003-09-05 00:00:00+00:00,40.7,99575.46086400001
2003-09-06 00:00:00+00:00,40.4,98841.489408
2003-09-07 00:00:00+00:00,39.1,95660.946432
2003-09-08 00:00:00+00:00,42.3,103489.97529599999
2003-09-09 00:00:00+00:00,41.8,102266.68953599999
2003-09-10 00:00:00+00:00,56.2,137497.319424
2003-09-11 00:00:00+00:00,95.9,234626.20876799998
2003-09-12 00:00:00+00:00,104.0,254443.43808000002
2003-09-13 00:00:00+00:00,97.2,237806.75174399998
2003-09-14 00:00:00+00:00,89.9,219946.77964800003
2003-09-15 00:00:00+00:00,82.2,201108.178944
2003-09-16 00:00:00+00:00,73.6,180067.66387199998
2003-09-17 00:00:00+00:00,61.9,151442.777088
2003-09-18 00:00:00+00:00,50.2,122817.890304
2003-09-19 00:00:00+00:00,42.3,103489.97529599999
2003-09-20 00:00:00+00:00,37.3,91257.11769599999
2003-09-21 00:00:00+00:00,33.9,82938.774528
2003-09-22 00:00:00+00:00,30.8,75354.402816
2003-09-23 00:00:00+00:00,28.7,70216.602624
2003-09-24 00:00:00+00:00,26.8,65568.11673600001
2003-09-25 00:00:00+00:00,24.8,60674.973696
2003-09-26 00:00:00+00:00,23.6,57739.087872000004
2003-09-27 00:00:00+00:00,21.9,53579.91628799999
2003-09-28 00:00:00+00:00,20.4,49910.059008
2003-09-29 00:00:00+00:00,18.7,45750.887424
2003-09-30 00:00:00+00:00,16.4,40123.772928
