date,avg discharge (cfs),outflow(m3/d)
2012-02-29 00:00:00+00:00,-126.0,-308268.01152
2012-03-01 00:00:00+00:00,-160.0,-391451.4432
2012-03-02 00:00:00+00:00,-171.0,-418363.72992
2012-03-03 00:00:00+00:00,-162.0,-396344.58624000003
2012-03-04 00:00:00+00:00,-131.0,-320500.86912
2012-03-05 00:00:00+00:00,-121.0,-296035.15392
2012-03-06 00:00:00+00:00,-114.0,-278909.15327999997
2012-03-07 00:00:00+00:00,-106.0,-259336.58112000002
2012-03-08 00:00:00+00:00,-87.8,-214808.97945599997
2012-03-09 00:00:00+00:00,-59.8,-146304.97689599998
2012-03-10 00:00:00+00:00,-70.0,-171260.00639999998
2012-03-11 00:00:00+00:00,-85.7,-209671.17926399998
2012-03-12 00:00:00+00:00,-41.7,-102022.032384
2012-03-13 00:00:00+00:00,-41.0,-100309.43231999999
2012-03-14 00:00:00+00:00,0.28,685.0400256
2012-03-15 00:00:00+00:00,-2.42,-5920.703078399999
2012-03-16 00:00:00+00:00,-128.0,-313161.15456
2012-03-17 00:00:00+00:00,-646.0,-1580485.20192
2012-03-18 00:00:00+00:00,-411.0,-1005540.89472
2012-03-19 00:00:00+00:00,-169.0,-413470.58687999996
2012-03-20 00:00:00+00:00,-83.1,-203310.093312
2012-03-21 00:00:00+00:00,-102.0,-249550.29504
2012-03-22 00:00:00+00:00,-319.0,-780456.3148800001
2012-03-23 00:00:00+00:00,-156.0,-381665.15712000005
2012-03-24 00:00:00+00:00,-137.0,-335180.29824
2012-03-25 00:00:00+00:00,-119.0,-291142.01088
2012-03-26 00:00:00+00:00,-109.0,-266676.29568
2012-03-27 00:00:00+00:00,-88.1,-215542.950912
2012-03-28 00:00:00+00:00,-107.0,-261783.15264
2012-03-29 00:00:00+00:00,-79.2,-193768.46438400002
2012-03-30 00:00:00+00:00,-96.6,-236338.80883199998
2012-03-31 00:00:00+00:00,-136.0,-332733.72672
2012-04-01 00:00:00+00:00,-121.0,-296035.15392
2012-04-02 00:00:00+00:00,-87.9,-215053.636608
2012-04-03 00:00:00+00:00,-27.6,-67525.37395200001
2012-04-04 00:00:00+00:00,16.1,39389.80147200001
2012-04-05 00:00:00+00:00,50.8,124285.83321599998
2012-04-06 00:00:00+00:00,42.5,103979.2896
2012-04-07 00:00:00+00:00,-0.19,-464.84858879999996
2012-04-08 00:00:00+00:00,-94.7,-231690.32294399999
2012-04-09 00:00:00+00:00,-108.0,-264229.72416
2012-04-10 00:00:00+00:00,-94.2,-230467.03718400002
2012-04-11 00:00:00+00:00,-97.0,-237317.43744
2012-04-12 00:00:00+00:00,-99.3,-242944.55193599997
2012-04-13 00:00:00+00:00,-130.0,-318054.2976
2012-04-14 00:00:00+00:00,-146.0,-357199.44191999995
2012-04-15 00:00:00+00:00,-146.0,-357199.44191999995
2012-04-16 00:00:00+00:00,-146.0,-357199.44191999995
2012-04-17 00:00:00+00:00,-139.0,-340073.44128
2012-04-18 00:00:00+00:00,-164.0,-401237.72927999997
2012-04-19 00:00:00+00:00,-148.0,-362092.58496
2012-04-20 00:00:00+00:00,-129.0,-315607.72608
2012-04-21 00:00:00+00:00,-80.3,-196459.693056
2012-04-22 00:00:00+00:00,-78.9,-193034.49292800002
2012-04-23 00:00:00+00:00,-68.2,-166856.17766400002
2012-04-24 00:00:00+00:00,-135.0,-330287.1552
2012-04-25 00:00:00+00:00,-85.4,-208937.207808
2012-04-26 00:00:00+00:00,-104.0,-254443.43808000002
2012-04-27 00:00:00+00:00,-108.0,-264229.72416
2012-04-28 00:00:00+00:00,-128.0,-313161.15456
2012-04-29 00:00:00+00:00,-122.0,-298481.72543999995
2012-04-30 00:00:00+00:00,-87.9,-215053.636608
2012-05-01 00:00:00+00:00,-83.7,-204778.036224
2012-05-02 00:00:00+00:00,-42.0,-102756.00383999999
2012-05-03 00:00:00+00:00,-28.0,-68504.00256
2012-05-04 00:00:00+00:00,-6.36,-15560.1948672
2012-05-05 00:00:00+00:00,-32.3,-79024.26009599998
2012-05-06 00:00:00+00:00,-11.2,-27401.601023999996
2012-05-07 00:00:00+00:00,87.6,214319.66515199997
2012-05-08 00:00:00+00:00,175.0,428150.016
2012-05-09 00:00:00+00:00,240.0,587177.1648
2012-05-10 00:00:00+00:00,328.0,802475.4585599999
2012-05-11 00:00:00+00:00,347.0,848960.31744
2012-05-12 00:00:00+00:00,337.0,824494.60224
2012-05-13 00:00:00+00:00,326.0,797582.31552
2012-05-14 00:00:00+00:00,295.0,721738.5984
2012-05-15 00:00:00+00:00,282.0,689933.16864
2012-05-16 00:00:00+00:00,306.0,748650.88512
2012-05-17 00:00:00+00:00,276.0,675253.73952
2012-05-18 00:00:00+00:00,283.0,692379.74016
2012-05-19 00:00:00+00:00,232.0,567604.59264
2012-05-20 00:00:00+00:00,177.0,433043.15904
2012-05-21 00:00:00+00:00,129.0,315607.72608
2012-05-22 00:00:00+00:00,165.0,403684.30079999997
2012-05-23 00:00:00+00:00,167.0,408577.44384
2012-05-24 00:00:00+00:00,151.0,369432.29951999994
2012-05-25 00:00:00+00:00,61.9,151442.777088
2012-05-26 00:00:00+00:00,24.0,58717.716479999995
2012-05-27 00:00:00+00:00,-26.6,-65078.802432000004
2012-05-28 00:00:00+00:00,-21.3,-52111.973376
2012-05-29 00:00:00+00:00,125.0,305821.44
2012-05-30 00:00:00+00:00,229.0,560264.8780799999
2012-05-31 00:00:00+00:00,284.0,694826.31168
2012-06-01 00:00:00+00:00,297.0,726631.7414399999
2012-06-02 00:00:00+00:00,261.0,638555.16672
2012-06-03 00:00:00+00:00,236.0,577390.87872
2012-06-04 00:00:00+00:00,40.8,99820.118016
2012-06-05 00:00:00+00:00,-65.1,-159271.805952
2012-06-06 00:00:00+00:00,-69.9,-171015.349248
2012-06-07 00:00:00+00:00,-103.0,-251996.86656
2012-06-08 00:00:00+00:00,-104.0,-254443.43808000002
2012-06-09 00:00:00+00:00,-106.0,-259336.58112000002
2012-06-10 00:00:00+00:00,-61.3,-149974.834176
2012-06-11 00:00:00+00:00,-4.5,-11009.57184
2012-06-12 00:00:00+00:00,155.0,379218.5856
2012-06-13 00:00:00+00:00,220.0,538245.7344
2012-06-14 00:00:00+00:00,247.0,604303.16544
2012-06-15 00:00:00+00:00,296.0,724185.16992
2012-06-16 00:00:00+00:00,335.0,819601.4591999999
2012-06-17 00:00:00+00:00,274.0,670360.59648
2012-06-18 00:00:00+00:00,258.0,631215.45216
2012-06-19 00:00:00+00:00,277.0,677700.3110400001
2012-06-20 00:00:00+00:00,290.0,709505.7407999999
2012-06-21 00:00:00+00:00,276.0,675253.73952
2012-06-22 00:00:00+00:00,256.0,626322.30912
2012-06-23 00:00:00+00:00,207.0,506440.30463999993
2012-06-24 00:00:00+00:00,197.0,481974.58943999995
2012-06-25 00:00:00+00:00,215.0,526012.8768
2012-06-26 00:00:00+00:00,252.0,616536.02304
2012-06-27 00:00:00+00:00,262.0,641001.73824
2012-06-28 00:00:00+00:00,235.0,574944.3071999999
2012-06-29 00:00:00+00:00,240.0,587177.1648
2012-06-30 00:00:00+00:00,249.0,609196.30848
2012-07-01 00:00:00+00:00,193.0,472188.30335999996
2012-07-02 00:00:00+00:00,190.0,464848.5888
2012-07-03 00:00:00+00:00,270.0,660574.3104
2012-07-04 00:00:00+00:00,333.0,814708.3161599999
2012-07-05 00:00:00+00:00,330.0,807368.6015999999
2012-07-06 00:00:00+00:00,339.0,829387.74528
2012-07-07 00:00:00+00:00,342.0,836727.45984
2012-07-08 00:00:00+00:00,364.0,890552.03328
2012-07-09 00:00:00+00:00,374.0,915017.74848
2012-07-10 00:00:00+00:00,416.0,1017773.7523200001
2012-07-11 00:00:00+00:00,398.0,973735.46496
2012-07-12 00:00:00+00:00,312.0,763330.3142400001
2012-07-13 00:00:00+00:00,272.0,665467.45344
2012-07-14 00:00:00+00:00,235.0,574944.3071999999
2012-07-15 00:00:00+00:00,174.0,425703.44447999995
2012-07-16 00:00:00+00:00,163.0,398791.15776
2012-07-17 00:00:00+00:00,167.0,408577.44384
2012-07-18 00:00:00+00:00,141.0,344966.58432
2012-07-19 00:00:00+00:00,120.0,293588.5824
2012-07-20 00:00:00+00:00,71.2,174195.892224
2012-07-21 00:00:00+00:00,57.3,140188.54809599998
2012-07-22 00:00:00+00:00,38.4,93948.34636799998
2012-07-23 00:00:00+00:00,71.8,175663.83513599998
2012-07-24 00:00:00+00:00,80.7,197438.321664
2012-07-25 00:00:00+00:00,133.0,325394.01216
2012-07-26 00:00:00+00:00,174.0,425703.44447999995
2012-07-27 00:00:00+00:00,66.1,161718.37747199996
2012-07-28 00:00:00+00:00,-19.2,-46974.17318399999
2012-07-29 00:00:00+00:00,-43.0,-105202.57536
2012-07-30 00:00:00+00:00,56.9,139209.91948799998
2012-07-31 00:00:00+00:00,163.0,398791.15776
2012-08-01 00:00:00+00:00,161.0,393898.01472000004
2012-08-02 00:00:00+00:00,214.0,523566.30528
2012-08-03 00:00:00+00:00,146.0,357199.44191999995
2012-08-04 00:00:00+00:00,118.0,288695.43936
2012-08-05 00:00:00+00:00,183.0,447722.58816
2012-08-06 00:00:00+00:00,163.0,398791.15776
2012-08-07 00:00:00+00:00,156.0,381665.15712000005
2012-08-08 00:00:00+00:00,154.0,376772.01408
2012-08-09 00:00:00+00:00,141.0,344966.58432
2012-08-10 00:00:00+00:00,150.0,366985.728
2012-08-11 00:00:00+00:00,135.0,330287.1552
2012-08-12 00:00:00+00:00,90.2,220680.751104
2012-08-13 00:00:00+00:00,125.0,305821.44
2012-08-14 00:00:00+00:00,125.0,305821.44
2012-08-15 00:00:00+00:00,23.0,56271.144960000005
2012-08-16 00:00:00+00:00,-44.3,-108383.118336
2012-08-17 00:00:00+00:00,-43.7,-106915.17542400002
2012-08-18 00:00:00+00:00,-44.8,-109606.40409599998
2012-08-19 00:00:00+00:00,-90.5,-221414.72256
2012-08-20 00:00:00+00:00,-96.6,-236338.80883199998
2012-08-21 00:00:00+00:00,-82.3,-201352.83609599998
2012-08-22 00:00:00+00:00,-73.1,-178844.37811199998
2012-08-23 00:00:00+00:00,-33.2,-81226.174464
2012-08-24 00:00:00+00:00,-32.8,-80247.545856
2012-08-25 00:00:00+00:00,-22.0,-53824.57344
2012-08-26 00:00:00+00:00,-40.7,-99575.46086400001
2012-08-27 00:00:00+00:00,-43.9,-107404.48972799999
2012-08-28 00:00:00+00:00,-40.4,-98841.489408
2012-08-29 00:00:00+00:00,-26.2,-64100.17382399999
2012-08-30 00:00:00+00:00,-20.7,-50644.030463999996
2012-08-31 00:00:00+00:00,-0.94,-2299.7772287999996
2012-09-01 00:00:00+00:00,-15.2,-37187.887103999994
2012-09-02 00:00:00+00:00,-59.3,-145081.691136
2012-09-03 00:00:00+00:00,-68.3,-167100.834816
2012-09-04 00:00:00+00:00,-62.0,-151687.43424
2012-09-05 00:00:00+00:00,3.81,9321.4374912
2012-09-06 00:00:00+00:00,53.6,131136.23347200002
2012-09-07 00:00:00+00:00,23.1,56515.802112000005
2012-09-08 00:00:00+00:00,-41.8,-102266.68953599999
2012-09-09 00:00:00+00:00,-46.9,-114744.204288
2012-09-10 00:00:00+00:00,-50.8,-124285.83321599998
2012-09-11 00:00:00+00:00,-140.0,-342520.01279999997
2012-09-12 00:00:00+00:00,-171.0,-418363.72992
2012-09-13 00:00:00+00:00,-27.1,-66302.08819200001
2012-09-14 00:00:00+00:00,-87.6,-214319.66515199997
2012-09-15 00:00:00+00:00,-129.0,-315607.72608
2012-09-16 00:00:00+00:00,-138.0,-337626.86976
2012-09-17 00:00:00+00:00,-138.0,-337626.86976
2012-09-18 00:00:00+00:00,-158.0,-386558.30016
2012-09-19 00:00:00+00:00,-139.0,-340073.44128
2012-09-20 00:00:00+00:00,-139.0,-340073.44128
2012-09-21 00:00:00+00:00,-127.0,-310714.58304
2012-09-22 00:00:00+00:00,-138.0,-337626.86976
2012-09-23 00:00:00+00:00,-145.0,-354752.87039999996
2012-09-24 00:00:00+00:00,-163.0,-398791.15776
2012-09-25 00:00:00+00:00,-125.0,-305821.44
2012-09-26 00:00:00+00:00,-99.9,-244412.494848
2012-09-27 00:00:00+00:00,-111.0,-271569.43872000003
2012-09-28 00:00:00+00:00,-102.0,-249550.29504
2012-09-29 00:00:00+00:00,-103.0,-251996.86656
2012-09-30 00:00:00+00:00,-109.0,-266676.29568
2012-10-01 00:00:00+00:00,-136.0,-332733.72672
2012-10-02 00:00:00+00:00,-150.0,-366985.728
2012-10-03 00:00:00+00:00,-137.0,-335180.29824
2012-10-04 00:00:00+00:00,-139.0,-340073.44128
2012-10-05 00:00:00+00:00,-147.0,-359646.01344
2012-10-06 00:00:00+00:00,-130.0,-318054.2976
2012-10-07 00:00:00+00:00,-128.0,-313161.15456
2012-10-08 00:00:00+00:00,-139.0,-340073.44128
2012-10-09 00:00:00+00:00,-148.0,-362092.58496
2012-10-10 00:00:00+00:00,-128.0,-313161.15456
2012-10-11 00:00:00+00:00,-124.0,-303374.86848
2012-10-12 00:00:00+00:00,-146.0,-357199.44191999995
2012-10-13 00:00:00+00:00,-139.0,-340073.44128
2012-10-14 00:00:00+00:00,-157.0,-384111.72864
2012-10-15 00:00:00+00:00,-157.0,-384111.72864
2012-10-16 00:00:00+00:00,-172.0,-420810.30144
2012-10-17 00:00:00+00:00,-125.0,-305821.44
2012-10-18 00:00:00+00:00,-124.0,-303374.86848
2012-10-19 00:00:00+00:00,-258.0,-631215.45216
2012-10-20 00:00:00+00:00,-84.7,-207224.607744
2012-10-21 00:00:00+00:00,2.06,5039.9373312
2012-10-22 00:00:00+00:00,14.4,35230.629888
2012-10-23 00:00:00+00:00,-25.9,-63366.20236799999
2012-10-24 00:00:00+00:00,-26.3,-64344.830976000005
2012-10-25 00:00:00+00:00,-35.6,-87097.946112
2012-10-26 00:00:00+00:00,-38.0,-92969.71776
2012-10-27 00:00:00+00:00,-15.9,-38900.487168
2012-10-28 00:00:00+00:00,22.8,55781.830656000006
2012-10-29 00:00:00+00:00,-4.36,-10667.0518272
2012-10-30 00:00:00+00:00,37.4,91501.774848
2012-10-31 00:00:00+00:00,69.1,169058.092032
2012-11-01 00:00:00+00:00,53.8,131625.547776
2012-11-02 00:00:00+00:00,0.69,1688.1343487999998
2012-11-03 00:00:00+00:00,-33.2,-81226.174464
2012-11-04 00:00:00+00:00,59.9,146549.634048
2012-11-05 00:00:00+00:00,75.5,184716.14975999997
2012-11-06 00:00:00+00:00,67.8,165877.549056
2012-11-07 00:00:00+00:00,44.9,109851.061248
2012-11-08 00:00:00+00:00,19.8,48442.116096000005
2012-11-09 00:00:00+00:00,5.37,13138.0890624
2012-11-10 00:00:00+00:00,-21.3,-52111.973376
2012-11-11 00:00:00+00:00,-11.1,-27156.943872
2012-11-12 00:00:00+00:00,-33.5,-81960.14592000001
2012-11-13 00:00:00+00:00,-49.4,-120860.633088
2012-11-14 00:00:00+00:00,-63.5,-155357.29152
2012-11-15 00:00:00+00:00,-31.0,-75843.71712
2012-11-16 00:00:00+00:00,-44.0,-107649.14688
2012-11-17 00:00:00+00:00,-42.4,-103734.632448
2012-11-18 00:00:00+00:00,-55.0,-134561.4336
2012-11-19 00:00:00+00:00,-28.9,-70705.916928
2012-11-20 00:00:00+00:00,-40.2,-98352.17510400001
2012-11-21 00:00:00+00:00,-66.5,-162697.00608
2012-11-22 00:00:00+00:00,-57.9,-141656.49100799998
2012-11-23 00:00:00+00:00,-63.3,-154867.977216
2012-11-24 00:00:00+00:00,-73.5,-179823.00672
2012-11-25 00:00:00+00:00,-67.6,-165388.234752
2012-11-26 00:00:00+00:00,-61.1,-149485.519872
2012-11-27 00:00:00+00:00,-67.6,-165388.234752
2012-11-28 00:00:00+00:00,-51.7,-126487.74758400001
2012-11-29 00:00:00+00:00,-45.8,-112052.97561599998
2012-11-30 00:00:00+00:00,-102.0,-249550.29504
2012-12-01 00:00:00+00:00,-93.9,-229733.06572800002
2012-12-02 00:00:00+00:00,-207.0,-506440.30463999993
2012-12-03 00:00:00+00:00,-373.0,-912571.1769600001
2012-12-04 00:00:00+00:00,-492.0,-1203713.18784
2012-12-05 00:00:00+00:00,-271.0,-663020.88192
2012-12-06 00:00:00+00:00,-209.0,-511333.44768
2012-12-07 00:00:00+00:00,-167.0,-408577.44384
2012-12-08 00:00:00+00:00,-141.0,-344966.58432
2012-12-09 00:00:00+00:00,-120.0,-293588.5824
2012-12-10 00:00:00+00:00,-110.0,-269122.8672
2012-12-11 00:00:00+00:00,-111.0,-271569.43872000003
2012-12-12 00:00:00+00:00,-152.0,-371878.87104
2012-12-13 00:00:00+00:00,-207.0,-506440.30463999993
2012-12-14 00:00:00+00:00,-161.0,-393898.01472000004
2012-12-15 00:00:00+00:00,-108.0,-264229.72416
2012-12-16 00:00:00+00:00,-106.0,-259336.58112000002
2012-12-17 00:00:00+00:00,-122.0,-298481.72543999995
2012-12-18 00:00:00+00:00,-105.0,-256890.0096
2012-12-19 00:00:00+00:00,-103.0,-251996.86656
2012-12-20 00:00:00+00:00,-96.0,-234870.86591999998
2012-12-21 00:00:00+00:00,-116.0,-283802.29632
2012-12-22 00:00:00+00:00,-109.0,-266676.29568
2012-12-23 00:00:00+00:00,-109.0,-266676.29568
2012-12-24 00:00:00+00:00,-104.0,-254443.43808000002
2012-12-25 00:00:00+00:00,-93.2,-228020.46566400002
2012-12-26 00:00:00+00:00,-104.0,-254443.43808000002
2012-12-27 00:00:00+00:00,-106.0,-259336.58112000002
2012-12-28 00:00:00+00:00,-96.4,-235849.49452800004
2012-12-29 00:00:00+00:00,-95.3,-233158.26585599998
2012-12-30 00:00:00+00:00,-115.0,-281355.72479999997
2012-12-31 00:00:00+00:00,-93.6,-228999.094272
2013-01-01 00:00:00+00:00,-92.1,-225329.23699199996
2013-01-02 00:00:00+00:00,-92.9,-227286.49420800002
2013-01-03 00:00:00+00:00,-97.3,-238051.40889599998
2013-01-04 00:00:00+00:00,-94.2,-230467.03718400002
2013-01-05 00:00:00+00:00,-97.7,-239030.037504
2013-01-06 00:00:00+00:00,-100.0,-244657.152
2013-01-07 00:00:00+00:00,-105.0,-256890.0096
2013-01-08 00:00:00+00:00,-104.0,-254443.43808000002
2013-01-09 00:00:00+00:00,-102.0,-249550.29504
2013-01-10 00:00:00+00:00,-103.0,-251996.86656
2013-01-11 00:00:00+00:00,-110.0,-269122.8672
2013-01-12 00:00:00+00:00,-98.9,-241965.92332800003
2013-01-13 00:00:00+00:00,-93.0,-227531.15136
2013-01-14 00:00:00+00:00,-97.4,-238296.066048
2013-01-15 00:00:00+00:00,-92.1,-225329.23699199996
2013-01-16 00:00:00+00:00,-96.0,-234870.86591999998
2013-01-17 00:00:00+00:00,-92.0,-225084.57984000002
2013-01-18 00:00:00+00:00,-91.5,-223861.29408
2013-01-19 00:00:00+00:00,-88.7,-217010.89382400003
2013-01-20 00:00:00+00:00,-90.2,-220680.751104
2013-01-21 00:00:00+00:00,-89.4,-218723.49388800003
2013-01-22 00:00:00+00:00,-85.7,-209671.17926399998
2013-01-23 00:00:00+00:00,-86.8,-212362.407936
2013-01-24 00:00:00+00:00,-95.0,-232424.2944
2013-01-25 00:00:00+00:00,-195.0,-477081.4464
2013-01-26 00:00:00+00:00,-351.0,-858746.60352
2013-01-27 00:00:00+00:00,-483.0,-1181694.0441599998
2013-01-28 00:00:00+00:00,-467.0,-1142548.89984
2013-01-29 00:00:00+00:00,-330.0,-807368.6015999999
2013-01-30 00:00:00+00:00,-240.0,-587177.1648
2013-01-31 00:00:00+00:00,-220.0,-538245.7344
2013-02-01 00:00:00+00:00,-192.0,-469741.73183999996
2013-02-02 00:00:00+00:00,-162.0,-396344.58624000003
2013-02-03 00:00:00+00:00,-156.0,-381665.15712000005
2013-02-04 00:00:00+00:00,-144.0,-352306.29888
2013-02-05 00:00:00+00:00,-156.0,-381665.15712000005
2013-02-06 00:00:00+00:00,-172.0,-420810.30144
2013-02-07 00:00:00+00:00,-203.0,-496654.01856
2013-02-08 00:00:00+00:00,-175.0,-428150.016
2013-02-09 00:00:00+00:00,-142.0,-347413.15584
2013-02-10 00:00:00+00:00,-133.0,-325394.01216
2013-02-11 00:00:00+00:00,-123.0,-300928.29696
2013-02-12 00:00:00+00:00,-109.0,-266676.29568
2013-02-13 00:00:00+00:00,-114.0,-278909.15327999997
2013-02-14 00:00:00+00:00,-114.0,-278909.15327999997
2013-02-15 00:00:00+00:00,-106.0,-259336.58112000002
2013-02-16 00:00:00+00:00,-109.0,-266676.29568
2013-02-17 00:00:00+00:00,-126.0,-308268.01152
2013-02-18 00:00:00+00:00,-133.0,-325394.01216
2013-02-19 00:00:00+00:00,-118.0,-288695.43936
2013-02-20 00:00:00+00:00,-116.0,-283802.29632
2013-02-21 00:00:00+00:00,-112.0,-274016.01024
2013-02-22 00:00:00+00:00,-103.0,-251996.86656
2013-02-23 00:00:00+00:00,-115.0,-281355.72479999997
2013-02-24 00:00:00+00:00,-109.0,-266676.29568
2013-02-25 00:00:00+00:00,-113.0,-276462.58176000003
2013-02-26 00:00:00+00:00,-105.0,-256890.0096
2013-02-27 00:00:00+00:00,-97.8,-239274.69465599998
2013-02-28 00:00:00+00:00,-103.0,-251996.86656
2013-03-01 00:00:00+00:00,-100.0,-244657.152
2013-03-02 00:00:00+00:00,-107.0,-261783.15264
2013-03-03 00:00:00+00:00,-115.0,-281355.72479999997
2013-03-04 00:00:00+00:00,-98.4,-240742.637568
2013-03-05 00:00:00+00:00,-87.6,-214319.66515199997
2013-03-06 00:00:00+00:00,-107.0,-261783.15264
2013-03-07 00:00:00+00:00,-90.8,-222148.69401599996
2013-03-08 00:00:00+00:00,-108.0,-264229.72416
2013-03-09 00:00:00+00:00,-102.0,-249550.29504
2013-03-10 00:00:00+00:00,-101.0,-247103.72351999997
2013-03-11 00:00:00+00:00,-106.0,-259336.58112000002
2013-03-12 00:00:00+00:00,-101.0,-247103.72351999997
2013-03-13 00:00:00+00:00,-104.0,-254443.43808000002
2013-03-14 00:00:00+00:00,-98.0,-239764.00896
2013-03-15 00:00:00+00:00,-99.2,-242699.894784
2013-03-16 00:00:00+00:00,-70.0,-171260.00639999998
2013-03-17 00:00:00+00:00,-69.7,-170526.034944
2013-03-18 00:00:00+00:00,-60.8,-148751.54841599998
2013-03-19 00:00:00+00:00,-49.3,-120615.97593599999
2013-03-20 00:00:00+00:00,-69.8,-170770.69209599998
2013-03-21 00:00:00+00:00,-74.0,-181046.29248
2013-03-22 00:00:00+00:00,-57.8,-141411.833856
2013-03-23 00:00:00+00:00,-44.7,-109361.74694400001
2013-03-24 00:00:00+00:00,-59.7,-146060.319744
2013-03-25 00:00:00+00:00,-66.2,-161963.034624
2013-03-26 00:00:00+00:00,-90.2,-220680.751104
2013-03-27 00:00:00+00:00,-66.0,-161473.72032
2013-03-28 00:00:00+00:00,-43.6,-106670.518272
2013-03-29 00:00:00+00:00,-31.0,-75843.71712
2013-03-30 00:00:00+00:00,-22.3,-54558.544896
2013-03-31 00:00:00+00:00,-19.3,-47218.830336000006
2013-04-01 00:00:00+00:00,-52.9,-129423.633408
2013-04-02 00:00:00+00:00,-38.0,-92969.71776
2013-04-03 00:00:00+00:00,13.1,32050.086911999995
2013-04-04 00:00:00+00:00,5.72,13994.389094399998
2013-04-05 00:00:00+00:00,-27.1,-66302.08819200001
2013-04-06 00:00:00+00:00,-0.03,-73.3971456
2013-04-07 00:00:00+00:00,-0.71,-1737.0657791999997
2013-04-08 00:00:00+00:00,6.26,15315.5377152
2013-04-09 00:00:00+00:00,-33.3,-81470.831616
2013-04-10 00:00:00+00:00,8.41,20575.666483200002
2013-04-11 00:00:00+00:00,-12.7,-31071.458303999996
2013-04-12 00:00:00+00:00,1.4,3425.2001279999995
2013-04-13 00:00:00+00:00,-4.58,-11205.2975616
2013-04-14 00:00:00+00:00,-78.3,-191566.550016
2013-04-15 00:00:00+00:00,-15.7,-38411.172864
2013-04-16 00:00:00+00:00,38.7,94682.317824
2013-04-17 00:00:00+00:00,25.4,62142.91660799999
2013-04-18 00:00:00+00:00,57.8,141411.833856
2013-04-19 00:00:00+00:00,71.8,175663.83513599998
2013-04-20 00:00:00+00:00,41.6,101777.37523199999
2013-04-21 00:00:00+00:00,68.4,167345.49196800002
2013-04-22 00:00:00+00:00,-3.14,-7682.2345728
2013-04-23 00:00:00+00:00,18.4,45016.915967999994
2013-04-24 00:00:00+00:00,97.8,239274.69465599998
2013-04-25 00:00:00+00:00,111.0,271569.43872000003
2013-04-26 00:00:00+00:00,162.0,396344.58624000003
2013-04-27 00:00:00+00:00,156.0,381665.15712000005
2013-04-28 00:00:00+00:00,119.0,291142.01088
2013-04-29 00:00:00+00:00,98.5,240987.29471999998
2013-04-30 00:00:00+00:00,141.0,344966.58432
2013-05-01 00:00:00+00:00,187.0,457508.87424
2013-05-02 00:00:00+00:00,176.0,430596.58752
2013-05-03 00:00:00+00:00,193.0,472188.30335999996
2013-05-04 00:00:00+00:00,191.0,467295.16031999997
2013-05-05 00:00:00+00:00,171.0,418363.72992
2013-05-06 00:00:00+00:00,120.0,293588.5824
2013-05-07 00:00:00+00:00,108.0,264229.72416
2013-05-08 00:00:00+00:00,83.5,204288.72192
2013-05-09 00:00:00+00:00,-12.6,-30826.801152
2013-05-10 00:00:00+00:00,37.3,91257.11769599999
2013-05-11 00:00:00+00:00,28.3,69237.974016
2013-05-12 00:00:00+00:00,45.4,111074.34700799998
2013-05-13 00:00:00+00:00,48.0,117435.43295999999
2013-05-14 00:00:00+00:00,120.0,293588.5824
2013-05-15 00:00:00+00:00,163.0,398791.15776
2013-05-16 00:00:00+00:00,83.5,204288.72192
2013-05-17 00:00:00+00:00,11.2,27401.601023999996
2013-05-18 00:00:00+00:00,-21.6,-52845.944832
2013-05-19 00:00:00+00:00,-22.4,-54803.20204799999
2013-05-20 00:00:00+00:00,7.06,17272.7949312
2013-05-21 00:00:00+00:00,-9.84,-24074.2637568
2013-05-22 00:00:00+00:00,-59.3,-145081.691136
2013-05-23 00:00:00+00:00,-79.7,-194991.75014400002
2013-05-24 00:00:00+00:00,-71.1,-173951.23507199998
2013-05-25 00:00:00+00:00,-8.62,-21089.4465024
2013-05-26 00:00:00+00:00,29.1,71195.231232
2013-05-27 00:00:00+00:00,-18.9,-46240.20172799999
2013-05-28 00:00:00+00:00,-65.4,-160005.77740800002
2013-05-29 00:00:00+00:00,-12.2,-29848.172543999997
2013-05-30 00:00:00+00:00,9.45,23120.100863999996
2013-05-31 00:00:00+00:00,87.8,214808.97945599997
2013-06-01 00:00:00+00:00,136.0,332733.72672
2013-06-02 00:00:00+00:00,148.0,362092.58496
2013-06-03 00:00:00+00:00,148.0,362092.58496
2013-06-04 00:00:00+00:00,201.0,491760.87552
2013-06-05 00:00:00+00:00,273.0,667914.0249600001
2013-06-06 00:00:00+00:00,266.0,650788.02432
2013-06-07 00:00:00+00:00,224.0,548032.02048
2013-06-08 00:00:00+00:00,198.0,484421.16096
2013-06-09 00:00:00+00:00,193.0,472188.30335999996
2013-06-10 00:00:00+00:00,193.0,472188.30335999996
2013-06-11 00:00:00+00:00,217.0,530906.01984
2013-06-12 00:00:00+00:00,190.0,464848.5888
2013-06-13 00:00:00+00:00,169.0,413470.58687999996
2013-06-14 00:00:00+00:00,164.0,401237.72927999997
2013-06-15 00:00:00+00:00,137.0,335180.29824
2013-06-16 00:00:00+00:00,108.0,264229.72416
2013-06-17 00:00:00+00:00,181.0,442829.44512
2013-06-18 00:00:00+00:00,176.0,430596.58752
2013-06-19 00:00:00+00:00,113.0,276462.58176000003
2013-06-20 00:00:00+00:00,104.0,254443.43808000002
2013-06-21 00:00:00+00:00,136.0,332733.72672
2013-06-22 00:00:00+00:00,105.0,256890.0096
2013-06-23 00:00:00+00:00,69.1,169058.092032
2013-06-24 00:00:00+00:00,-75.1,-183737.52115199997
2013-06-25 00:00:00+00:00,-147.0,-359646.01344
2013-06-26 00:00:00+00:00,-195.0,-477081.4464
2013-06-27 00:00:00+00:00,-213.0,-521119.73376000003
2013-06-28 00:00:00+00:00,-165.0,-403684.30079999997
2013-06-29 00:00:00+00:00,-58.7,-143613.748224
2013-06-30 00:00:00+00:00,70.1,171504.66355199998
2013-07-01 00:00:00+00:00,123.0,300928.29696
2013-07-02 00:00:00+00:00,191.0,467295.16031999997
2013-07-03 00:00:00+00:00,282.0,689933.16864
2013-07-04 00:00:00+00:00,242.0,592070.30784
2013-07-05 00:00:00+00:00,227.0,555371.73504
2013-07-06 00:00:00+00:00,191.0,467295.16031999997
2013-07-07 00:00:00+00:00,169.0,413470.58687999996
2013-07-08 00:00:00+00:00,170.0,415917.1584
2013-07-09 00:00:00+00:00,136.0,332733.72672
2013-07-10 00:00:00+00:00,148.0,362092.58496
2013-07-11 00:00:00+00:00,127.0,310714.58304
2013-07-12 00:00:00+00:00,111.0,271569.43872000003
2013-07-13 00:00:00+00:00,92.2,225573.894144
2013-07-14 00:00:00+00:00,87.0,212851.72223999997
2013-07-15 00:00:00+00:00,58.8,143858.40537599998
2013-07-16 00:00:00+00:00,65.6,160495.091712
2013-07-17 00:00:00+00:00,65.9,161229.06316800002
2013-07-18 00:00:00+00:00,108.0,264229.72416
2013-07-19 00:00:00+00:00,105.0,256890.0096
2013-07-20 00:00:00+00:00,120.0,293588.5824
2013-07-21 00:00:00+00:00,136.0,332733.72672
2013-07-22 00:00:00+00:00,148.0,362092.58496
2013-07-23 00:00:00+00:00,160.0,391451.4432
2013-07-24 00:00:00+00:00,159.0,389004.87168
2013-07-25 00:00:00+00:00,95.9,234626.20876799998
2013-07-26 00:00:00+00:00,113.0,276462.58176000003
2013-07-27 00:00:00+00:00,108.0,264229.72416
2013-07-28 00:00:00+00:00,91.7,224350.608384
2013-07-29 00:00:00+00:00,54.5,133338.14784
2013-07-30 00:00:00+00:00,50.8,124285.83321599998
2013-07-31 00:00:00+00:00,47.4,115967.49004799999
2013-08-01 00:00:00+00:00,52.6,128689.66195200001
2013-08-02 00:00:00+00:00,51.8,126732.40473599998
2013-08-03 00:00:00+00:00,56.5,138231.29088000002
2013-08-04 00:00:00+00:00,15.1,36943.229951999994
2013-08-05 00:00:00+00:00,-56.4,-137986.633728
2013-08-06 00:00:00+00:00,-17.6,-43059.658752
2013-08-07 00:00:00+00:00,30.4,74375.77420799999
2013-08-08 00:00:00+00:00,33.7,82449.46022400001
2013-08-09 00:00:00+00:00,9.84,24074.2637568
2013-08-10 00:00:00+00:00,-53.2,-130157.60486400001
2013-08-11 00:00:00+00:00,-90.0,-220191.4368
2013-08-12 00:00:00+00:00,-89.0,-217744.86528
2013-08-13 00:00:00+00:00,-37.6,-91991.089152
2013-08-14 00:00:00+00:00,-47.4,-115967.49004799999
2013-08-15 00:00:00+00:00,-64.3,-157314.548736
2013-08-16 00:00:00+00:00,-23.3,-57005.116416000004
2013-08-17 00:00:00+00:00,-38.7,-94682.317824
2013-08-18 00:00:00+00:00,-36.8,-90033.83193599999
2013-08-19 00:00:00+00:00,-63.7,-155846.605824
2013-08-20 00:00:00+00:00,-34.8,-85140.68889599999
2013-08-21 00:00:00+00:00,11.5,28135.572480000003
2013-08-22 00:00:00+00:00,44.0,107649.14688
2013-08-23 00:00:00+00:00,-29.3,-71684.545536
2013-08-24 00:00:00+00:00,-56.7,-138720.60518400001
2013-08-25 00:00:00+00:00,-65.0,-159027.1488
2013-08-26 00:00:00+00:00,-102.0,-249550.29504
2013-08-27 00:00:00+00:00,-66.1,-161718.37747199996
2013-08-28 00:00:00+00:00,-70.6,-172727.94931199998
2013-08-29 00:00:00+00:00,-80.6,-197193.66451199996
2013-08-30 00:00:00+00:00,-50.0,-122328.576
2013-08-31 00:00:00+00:00,-34.6,-84651.37459200001
2013-09-01 00:00:00+00:00,-66.6,-162941.663232
2013-09-02 00:00:00+00:00,-92.9,-227286.49420800002
2013-09-03 00:00:00+00:00,-24.9,-60919.630848
2013-09-04 00:00:00+00:00,47.6,116456.80435199999
2013-09-05 00:00:00+00:00,54.8,134072.119296
2013-09-06 00:00:00+00:00,-1.24,-3033.7486848
2013-09-07 00:00:00+00:00,-45.2,-110585.03270400001
2013-09-08 00:00:00+00:00,-87.7,-214564.322304
2013-09-09 00:00:00+00:00,-73.8,-180556.97817599998
2013-09-10 00:00:00+00:00,-58.1,-142145.805312
2013-09-11 00:00:00+00:00,-67.7,-165632.891904
2013-09-12 00:00:00+00:00,-83.0,-203065.43616
2013-09-13 00:00:00+00:00,-58.9,-144103.06252799998
2013-09-14 00:00:00+00:00,-59.4,-145326.34828799998
2013-09-15 00:00:00+00:00,-38.8,-94926.97497599998
2013-09-16 00:00:00+00:00,-48.4,-118414.06156799999
2013-09-17 00:00:00+00:00,-70.5,-172483.29216
2013-09-18 00:00:00+00:00,-65.6,-160495.091712
2013-09-19 00:00:00+00:00,-78.7,-192545.178624
2013-09-20 00:00:00+00:00,-85.5,-209181.86496
2013-09-21 00:00:00+00:00,-108.0,-264229.72416
2013-09-22 00:00:00+00:00,-142.0,-347413.15584
2013-09-23 00:00:00+00:00,-137.0,-335180.29824
2013-09-24 00:00:00+00:00,-153.0,-374325.44256
2013-09-25 00:00:00+00:00,-133.0,-325394.01216
2013-09-26 00:00:00+00:00,-117.0,-286248.86783999996
2013-09-27 00:00:00+00:00,-119.0,-291142.01088
2013-09-28 00:00:00+00:00,-101.0,-247103.72351999997
2013-09-29 00:00:00+00:00,-135.0,-330287.1552
2013-09-30 00:00:00+00:00,-152.0,-371878.87104
2013-10-01 00:00:00+00:00,-110.0,-269122.8672
2013-10-02 00:00:00+00:00,-122.0,-298481.72543999995
2013-10-03 00:00:00+00:00,-107.0,-261783.15264
2013-10-04 00:00:00+00:00,-58.1,-142145.805312
2013-10-05 00:00:00+00:00,-75.6,-184960.80691199997
2013-10-06 00:00:00+00:00,-70.8,-173217.263616
2013-10-07 00:00:00+00:00,-64.5,-157803.86304
2013-10-08 00:00:00+00:00,-69.0,-168813.43488
2013-10-09 00:00:00+00:00,-82.6,-202086.80755199998
2013-10-10 00:00:00+00:00,-78.7,-192545.178624
2013-10-11 00:00:00+00:00,-68.0,-166366.86336
2013-10-12 00:00:00+00:00,-89.3,-218478.836736
2013-10-13 00:00:00+00:00,-73.3,-179333.692416
2013-10-14 00:00:00+00:00,-73.6,-180067.66387199998
2013-10-15 00:00:00+00:00,-57.4,-140433.205248
2013-10-16 00:00:00+00:00,-74.1,-181290.949632
2013-10-17 00:00:00+00:00,-71.2,-174195.892224
2013-10-18 00:00:00+00:00,-64.9,-158782.491648
2013-10-19 00:00:00+00:00,-53.6,-131136.23347200002
2013-10-20 00:00:00+00:00,-6.24,-15266.6062848
2013-10-21 00:00:00+00:00,-35.6,-87097.946112
2013-10-22 00:00:00+00:00,-66.7,-163186.320384
2013-10-23 00:00:00+00:00,-60.4,-147772.91980799998
2013-10-24 00:00:00+00:00,-58.6,-143369.091072
2013-10-25 00:00:00+00:00,-57.9,-141656.49100799998
2013-10-26 00:00:00+00:00,-12.6,-30826.801152
2013-10-27 00:00:00+00:00,27.1,66302.08819200001
2013-10-28 00:00:00+00:00,36.0,88076.57472
2013-10-29 00:00:00+00:00,63.2,154623.320064
2013-10-30 00:00:00+00:00,63.2,154623.320064
2013-10-31 00:00:00+00:00,73.7,180312.321024
2013-11-01 00:00:00+00:00,75.6,184960.80691199997
2013-11-02 00:00:00+00:00,58.8,143858.40537599998
2013-11-03 00:00:00+00:00,39.5,96639.57504
2013-11-04 00:00:00+00:00,47.4,115967.49004799999
2013-11-05 00:00:00+00:00,60.0,146794.2912
2013-11-06 00:00:00+00:00,66.4,162452.348928
2013-11-07 00:00:00+00:00,45.4,111074.34700799998
2013-11-08 00:00:00+00:00,48.0,117435.43295999999
2013-11-09 00:00:00+00:00,33.4,81715.488768
2013-11-10 00:00:00+00:00,19.8,48442.116096000005
2013-11-11 00:00:00+00:00,22.1,54069.230592
2013-11-12 00:00:00+00:00,27.5,67280.7168
2013-11-13 00:00:00+00:00,10.8,26422.972416
2013-11-14 00:00:00+00:00,-12.3,-30092.829696
2013-11-15 00:00:00+00:00,-43.2,-105691.889664
2013-11-16 00:00:00+00:00,-49.7,-121594.604544
2013-11-17 00:00:00+00:00,-51.4,-125753.776128
2013-11-18 00:00:00+00:00,-55.2,-135050.74790400002
2013-11-19 00:00:00+00:00,-50.2,-122817.890304
2013-11-20 00:00:00+00:00,-63.8,-156091.262976
2013-11-21 00:00:00+00:00,-51.0,-124775.14752
2013-11-22 00:00:00+00:00,-46.9,-114744.204288
2013-11-23 00:00:00+00:00,-52.0,-127221.71904000001
2013-11-24 00:00:00+00:00,-53.8,-131625.547776
2013-11-25 00:00:00+00:00,-51.2,-125264.461824
2013-11-26 00:00:00+00:00,-63.8,-156091.262976
2013-11-27 00:00:00+00:00,-112.0,-274016.01024
2013-11-28 00:00:00+00:00,-94.1,-230222.380032
2013-11-29 00:00:00+00:00,-57.9,-141656.49100799998
2013-11-30 00:00:00+00:00,-54.5,-133338.14784
2013-12-01 00:00:00+00:00,-63.9,-156335.920128
2013-12-02 00:00:00+00:00,-55.1,-134806.090752
2013-12-03 00:00:00+00:00,-66.7,-163186.320384
2013-12-04 00:00:00+00:00,-57.7,-141167.176704
2013-12-05 00:00:00+00:00,-59.8,-146304.97689599998
2013-12-06 00:00:00+00:00,-61.9,-151442.777088
2013-12-07 00:00:00+00:00,-64.6,-158048.52019199997
2013-12-08 00:00:00+00:00,-68.4,-167345.49196800002
2013-12-09 00:00:00+00:00,-71.8,-175663.83513599998
2013-12-10 00:00:00+00:00,-70.9,-173461.92076800004
2013-12-11 00:00:00+00:00,-72.3,-176887.12089599998
2013-12-12 00:00:00+00:00,-56.1,-137252.66227200002
2013-12-13 00:00:00+00:00,-66.5,-162697.00608
2013-12-14 00:00:00+00:00,-71.3,-174440.54937599998
2013-12-15 00:00:00+00:00,-68.1,-166611.520512
2013-12-16 00:00:00+00:00,-68.7,-168079.463424
2013-12-17 00:00:00+00:00,-72.1,-176397.80659199998
2013-12-18 00:00:00+00:00,-77.0,-188386.00704
2013-12-19 00:00:00+00:00,-79.4,-194257.778688
2013-12-20 00:00:00+00:00,-74.4,-182024.921088
2013-12-21 00:00:00+00:00,-73.2,-179089.035264
2013-12-22 00:00:00+00:00,-80.5,-196949.00736000002
2013-12-23 00:00:00+00:00,-72.8,-178110.406656
2013-12-24 00:00:00+00:00,-75.7,-185205.464064
2013-12-25 00:00:00+00:00,-66.1,-161718.37747199996
2013-12-26 00:00:00+00:00,-83.7,-204778.036224
2013-12-27 00:00:00+00:00,-79.8,-195236.407296
2013-12-28 00:00:00+00:00,-71.6,-175174.520832
2013-12-29 00:00:00+00:00,-66.7,-163186.320384
2013-12-30 00:00:00+00:00,-68.9,-168568.77772800002
2013-12-31 00:00:00+00:00,-54.8,-134072.119296
2014-01-01 00:00:00+00:00,-54.4,-133093.490688
2014-01-02 00:00:00+00:00,-66.5,-162697.00608
2014-01-03 00:00:00+00:00,-65.4,-160005.77740800002
2014-01-04 00:00:00+00:00,-65.7,-160739.74886400002
2014-01-05 00:00:00+00:00,-61.1,-149485.519872
2014-01-06 00:00:00+00:00,-67.2,-164409.60614400002
2014-01-07 00:00:00+00:00,-71.8,-175663.83513599998
2014-01-08 00:00:00+00:00,-62.9,-153889.34860799997
2014-01-09 00:00:00+00:00,-76.3,-186673.40697599997
2014-01-10 00:00:00+00:00,-52.5,-128445.0048
2014-01-11 00:00:00+00:00,-54.4,-133093.490688
2014-01-12 00:00:00+00:00,-65.8,-160984.406016
2014-01-13 00:00:00+00:00,-62.4,-152666.062848
2014-01-14 00:00:00+00:00,-61.5,-150464.14848
2014-01-15 00:00:00+00:00,-62.0,-151687.43424
2014-01-16 00:00:00+00:00,-50.0,-122328.576
2014-01-17 00:00:00+00:00,-74.3,-181780.26393599997
2014-01-18 00:00:00+00:00,-59.6,-145815.662592
2014-01-19 00:00:00+00:00,-67.8,-165877.549056
2014-01-20 00:00:00+00:00,-63.1,-154378.662912
2014-01-21 00:00:00+00:00,-65.9,-161229.06316800002
2014-01-22 00:00:00+00:00,-57.0,-139454.57663999998
2014-01-23 00:00:00+00:00,-74.0,-181046.29248
2014-01-24 00:00:00+00:00,-61.4,-150219.491328
2014-01-25 00:00:00+00:00,-61.4,-150219.491328
2014-01-26 00:00:00+00:00,-74.8,-183003.549696
2014-01-27 00:00:00+00:00,-63.7,-155846.605824
2014-01-28 00:00:00+00:00,-72.4,-177131.778048
2014-01-29 00:00:00+00:00,-55.2,-135050.74790400002
2014-01-30 00:00:00+00:00,-59.4,-145326.34828799998
2014-01-31 00:00:00+00:00,-80.1,-195970.37875199996
2014-02-01 00:00:00+00:00,-74.0,-181046.29248
2014-02-02 00:00:00+00:00,-65.8,-160984.406016
2014-02-03 00:00:00+00:00,-55.2,-135050.74790400002
2014-02-04 00:00:00+00:00,-64.6,-158048.52019199997
2014-02-05 00:00:00+00:00,-60.7,-148506.891264
2014-02-06 00:00:00+00:00,-64.8,-158537.834496
2014-02-07 00:00:00+00:00,-70.0,-171260.00639999998
2014-02-08 00:00:00+00:00,-62.8,-153644.691456
2014-02-09 00:00:00+00:00,-79.2,-193768.46438400002
2014-02-10 00:00:00+00:00,-61.1,-149485.519872
2014-02-11 00:00:00+00:00,-64.7,-158293.177344
2014-02-12 00:00:00+00:00,-75.2,-183982.178304
2014-02-13 00:00:00+00:00,-105.0,-256890.0096
2014-02-14 00:00:00+00:00,-113.0,-276462.58176000003
2014-02-15 00:00:00+00:00,-156.0,-381665.15712000005
2014-02-16 00:00:00+00:00,-225.0,-550478.592
2014-02-17 00:00:00+00:00,-153.0,-374325.44256
2014-02-18 00:00:00+00:00,-138.0,-337626.86976
2014-02-19 00:00:00+00:00,-111.0,-271569.43872000003
2014-02-20 00:00:00+00:00,-108.0,-264229.72416
2014-02-21 00:00:00+00:00,-89.7,-219457.465344
2014-02-22 00:00:00+00:00,-85.4,-208937.207808
2014-02-23 00:00:00+00:00,-86.3,-211139.122176
2014-02-24 00:00:00+00:00,-83.2,-203554.75046399998
2014-02-25 00:00:00+00:00,-77.7,-190098.607104
2014-02-26 00:00:00+00:00,-59.4,-145326.34828799998
2014-02-27 00:00:00+00:00,-74.6,-182514.23539199997
2014-02-28 00:00:00+00:00,-28.4,-69482.63116799999
2014-03-01 00:00:00+00:00,-17.0,-41591.71584
2014-03-02 00:00:00+00:00,-13.2,-32294.744064
2014-03-03 00:00:00+00:00,-19.8,-48442.116096000005
2014-03-04 00:00:00+00:00,0.32,782.9028863999999
2014-03-05 00:00:00+00:00,-40.0,-97862.8608
2014-03-06 00:00:00+00:00,-70.4,-172238.635008
2014-03-07 00:00:00+00:00,-9.53,-23315.826585599996
2014-03-08 00:00:00+00:00,-4.1,-10030.943232
2014-03-09 00:00:00+00:00,-18.0,-44038.28736
2014-03-10 00:00:00+00:00,-69.9,-171015.349248
2014-03-11 00:00:00+00:00,-232.0,-567604.59264
2014-03-12 00:00:00+00:00,-184.0,-450169.15968000004
2014-03-13 00:00:00+00:00,-79.2,-193768.46438400002
2014-03-14 00:00:00+00:00,-48.8,-119392.69017599999
2014-03-15 00:00:00+00:00,-33.1,-80981.517312
2014-03-16 00:00:00+00:00,-16.5,-40368.43008
2014-03-17 00:00:00+00:00,-29.5,-72173.85984
2014-03-18 00:00:00+00:00,-10.8,-26422.972416
2014-03-19 00:00:00+00:00,-17.1,-41836.372992000004
2014-03-20 00:00:00+00:00,-23.6,-57739.087872000004
2014-03-21 00:00:00+00:00,12.9,31560.772608
2014-03-22 00:00:00+00:00,-15.7,-38411.172864
2014-03-23 00:00:00+00:00,-37.0,-90523.14624
2014-03-24 00:00:00+00:00,-31.5,-77067.00288
2014-03-25 00:00:00+00:00,-28.0,-68504.00256
2014-03-26 00:00:00+00:00,-17.5,-42815.001599999996
2014-03-27 00:00:00+00:00,-27.9,-68259.345408
2014-03-28 00:00:00+00:00,-9.91,-24245.5237632
2014-03-29 00:00:00+00:00,-18.5,-45261.57312
2014-03-30 00:00:00+00:00,-32.8,-80247.545856
2014-03-31 00:00:00+00:00,-0.87,-2128.5172224
2014-04-01 00:00:00+00:00,-30.8,-75354.402816
2014-04-02 00:00:00+00:00,-18.6,-45506.230272
2014-04-03 00:00:00+00:00,23.5,57494.43072
2014-04-04 00:00:00+00:00,22.4,54803.20204799999
2014-04-05 00:00:00+00:00,19.3,47218.830336000006
2014-04-06 00:00:00+00:00,4.81,11768.009011199998
2014-04-07 00:00:00+00:00,6.91,16905.8092032
2014-04-08 00:00:00+00:00,-20.1,-49176.087552000005
2014-04-09 00:00:00+00:00,35.5,86853.28896
2014-04-10 00:00:00+00:00,60.3,147528.262656
2014-04-11 00:00:00+00:00,70.9,173461.92076800004
2014-04-12 00:00:00+00:00,60.1,147038.948352
2014-04-13 00:00:00+00:00,74.9,183248.206848
2014-04-14 00:00:00+00:00,79.1,193523.807232
2014-04-15 00:00:00+00:00,103.0,251996.86656
2014-04-16 00:00:00+00:00,131.0,320500.86912
2014-04-17 00:00:00+00:00,133.0,325394.01216
2014-04-18 00:00:00+00:00,121.0,296035.15392
2014-04-19 00:00:00+00:00,135.0,330287.1552
2014-04-20 00:00:00+00:00,133.0,325394.01216
2014-04-21 00:00:00+00:00,118.0,288695.43936
2014-04-22 00:00:00+00:00,86.1,210649.80787199998
2014-04-23 00:00:00+00:00,80.4,196704.35020800002
2014-04-24 00:00:00+00:00,67.9,166122.20620800002
2014-04-25 00:00:00+00:00,5.57,13627.4033664
2014-04-26 00:00:00+00:00,-15.0,-36698.5728
2014-04-27 00:00:00+00:00,7.49,18324.8206848
2014-04-28 00:00:00+00:00,38.4,93948.34636799998
2014-04-29 00:00:00+00:00,80.0,195725.7216
2014-04-30 00:00:00+00:00,187.0,457508.87424
2014-05-01 00:00:00+00:00,217.0,530906.01984
2014-05-02 00:00:00+00:00,145.0,354752.87039999996
2014-05-03 00:00:00+00:00,76.2,186428.749824
2014-05-04 00:00:00+00:00,23.9,58473.059327999996
2014-05-05 00:00:00+00:00,-17.6,-43059.658752
2014-05-06 00:00:00+00:00,7.82,19132.1892864
2014-05-07 00:00:00+00:00,-11.2,-27401.601023999996
2014-05-08 00:00:00+00:00,-16.4,-40123.772928
2014-05-09 00:00:00+00:00,-31.4,-76822.345728
2014-05-10 00:00:00+00:00,-68.6,-167834.806272
2014-05-11 00:00:00+00:00,-69.8,-170770.69209599998
2014-05-12 00:00:00+00:00,-28.9,-70705.916928
2014-05-13 00:00:00+00:00,62.6,153155.377152
2014-05-14 00:00:00+00:00,175.0,428150.016
2014-05-15 00:00:00+00:00,207.0,506440.30463999993
2014-05-16 00:00:00+00:00,195.0,477081.4464
2014-05-17 00:00:00+00:00,178.0,435489.73056
2014-05-18 00:00:00+00:00,174.0,425703.44447999995
2014-05-19 00:00:00+00:00,74.1,181290.949632
2014-05-20 00:00:00+00:00,-31.9,-78045.631488
2014-05-21 00:00:00+00:00,-46.6,-114010.23283200001
2014-05-22 00:00:00+00:00,-12.3,-30092.829696
2014-05-23 00:00:00+00:00,-13.7,-33518.029824
2014-05-24 00:00:00+00:00,-14.4,-35230.629888
2014-05-25 00:00:00+00:00,-30.3,-74131.117056
2014-05-26 00:00:00+00:00,-45.3,-110829.689856
2014-05-27 00:00:00+00:00,-36.2,-88565.889024
2014-05-28 00:00:00+00:00,-14.0,-34252.00128
2014-05-29 00:00:00+00:00,108.0,264229.72416
2014-05-30 00:00:00+00:00,166.0,406130.87232
2014-05-31 00:00:00+00:00,117.0,286248.86783999996
2014-06-01 00:00:00+00:00,49.8,121839.261696
2014-06-02 00:00:00+00:00,117.0,286248.86783999996
2014-06-03 00:00:00+00:00,119.0,291142.01088
2014-06-04 00:00:00+00:00,139.0,340073.44128
2014-06-05 00:00:00+00:00,128.0,313161.15456
2014-06-06 00:00:00+00:00,133.0,325394.01216
2014-06-07 00:00:00+00:00,155.0,379218.5856
2014-06-08 00:00:00+00:00,128.0,313161.15456
2014-06-09 00:00:00+00:00,76.8,187896.69273599997
2014-06-10 00:00:00+00:00,96.8,236828.12313599998
2014-06-11 00:00:00+00:00,169.0,413470.58687999996
2014-06-12 00:00:00+00:00,233.0,570051.16416
2014-06-13 00:00:00+00:00,204.0,499100.59008
2014-06-14 00:00:00+00:00,228.0,557818.3065599999
2014-06-15 00:00:00+00:00,206.0,503993.73312
2014-06-16 00:00:00+00:00,221.0,540692.30592
2014-06-17 00:00:00+00:00,276.0,675253.73952
2014-06-18 00:00:00+00:00,302.0,738864.5990399999
2014-06-19 00:00:00+00:00,260.0,636108.5952
2014-06-20 00:00:00+00:00,193.0,472188.30335999996
2014-06-21 00:00:00+00:00,162.0,396344.58624000003
2014-06-22 00:00:00+00:00,193.0,472188.30335999996
2014-06-23 00:00:00+00:00,278.0,680146.88256
2014-06-24 00:00:00+00:00,280.0,685040.0255999999
2014-06-25 00:00:00+00:00,280.0,685040.0255999999
2014-06-26 00:00:00+00:00,182.0,445276.01664
2014-06-27 00:00:00+00:00,80.9,197927.63596800002
2014-06-28 00:00:00+00:00,78.7,192545.178624
2014-06-29 00:00:00+00:00,77.3,189119.978496
2014-06-30 00:00:00+00:00,119.0,291142.01088
2014-07-01 00:00:00+00:00,160.0,391451.4432
2014-07-02 00:00:00+00:00,172.0,420810.30144
2014-07-03 00:00:00+00:00,173.0,423256.87296
2014-07-04 00:00:00+00:00,144.0,352306.29888
2014-07-05 00:00:00+00:00,132.0,322947.44064
2014-07-06 00:00:00+00:00,106.0,259336.58112000002
2014-07-07 00:00:00+00:00,130.0,318054.2976
2014-07-08 00:00:00+00:00,186.0,455062.30272
2014-07-09 00:00:00+00:00,190.0,464848.5888
2014-07-10 00:00:00+00:00,106.0,259336.58112000002
2014-07-11 00:00:00+00:00,101.0,247103.72351999997
2014-07-12 00:00:00+00:00,61.6,150708.805632
2014-07-13 00:00:00+00:00,37.2,91012.460544
2014-07-14 00:00:00+00:00,7.92,19376.8464384
2014-07-15 00:00:00+00:00,73.0,178599.72095999998
2014-07-16 00:00:00+00:00,84.8,207469.264896
2014-07-17 00:00:00+00:00,105.0,256890.0096
2014-07-18 00:00:00+00:00,100.0,244657.152
2014-07-19 00:00:00+00:00,60.3,147528.262656
2014-07-20 00:00:00+00:00,85.4,208937.207808
2014-07-21 00:00:00+00:00,148.0,362092.58496
2014-07-22 00:00:00+00:00,214.0,523566.30528
2014-07-23 00:00:00+00:00,189.0,462402.01728000003
2014-07-24 00:00:00+00:00,141.0,344966.58432
2014-07-25 00:00:00+00:00,156.0,381665.15712000005
2014-07-26 00:00:00+00:00,187.0,457508.87424
2014-07-27 00:00:00+00:00,219.0,535799.16288
2014-07-28 00:00:00+00:00,186.0,455062.30272
2014-07-29 00:00:00+00:00,197.0,481974.58943999995
2014-07-30 00:00:00+00:00,158.0,386558.30016
2014-07-31 00:00:00+00:00,156.0,381665.15712000005
2014-08-01 00:00:00+00:00,154.0,376772.01408
2014-08-02 00:00:00+00:00,105.0,256890.0096
2014-08-03 00:00:00+00:00,106.0,259336.58112000002
2014-08-04 00:00:00+00:00,85.2,208447.893504
2014-08-05 00:00:00+00:00,-25.2,-61653.602304
2014-08-06 00:00:00+00:00,-41.1,-100554.089472
2014-08-07 00:00:00+00:00,-42.2,-103245.318144
2014-08-08 00:00:00+00:00,-59.3,-145081.691136
2014-08-09 00:00:00+00:00,-43.3,-105936.54681599999
2014-08-10 00:00:00+00:00,-40.0,-97862.8608
2014-08-11 00:00:00+00:00,1.88,4599.554457599999
2014-08-12 00:00:00+00:00,8.12,19866.1607424
2014-08-13 00:00:00+00:00,-48.7,-119148.033024
2014-08-14 00:00:00+00:00,-53.2,-130157.60486400001
2014-08-15 00:00:00+00:00,-8.79,-21505.363660799998
2014-08-16 00:00:00+00:00,-9.34,-22850.9779968
2014-08-17 00:00:00+00:00,-23.7,-57983.745023999996
2014-08-18 00:00:00+00:00,-11.4,-27890.915328000003
2014-08-19 00:00:00+00:00,80.5,196949.00736000002
2014-08-20 00:00:00+00:00,58.7,143613.748224
2014-08-21 00:00:00+00:00,52.5,128445.0048
2014-08-22 00:00:00+00:00,71.0,173706.57792
2014-08-23 00:00:00+00:00,80.6,197193.66451199996
2014-08-24 00:00:00+00:00,131.0,320500.86912
2014-08-25 00:00:00+00:00,118.0,288695.43936
2014-08-26 00:00:00+00:00,174.0,425703.44447999995
2014-08-27 00:00:00+00:00,133.0,325394.01216
2014-08-28 00:00:00+00:00,115.0,281355.72479999997
2014-08-29 00:00:00+00:00,57.9,141656.49100799998
2014-08-30 00:00:00+00:00,19.1,46729.516032
2014-08-31 00:00:00+00:00,84.0,205512.00767999998
2014-09-01 00:00:00+00:00,89.1,217989.52243199997
2014-09-02 00:00:00+00:00,130.0,318054.2976
2014-09-03 00:00:00+00:00,129.0,315607.72608
2014-09-04 00:00:00+00:00,161.0,393898.01472000004
2014-09-05 00:00:00+00:00,69.2,169302.74918400001
2014-09-06 00:00:00+00:00,42.0,102756.00383999999
2014-09-07 00:00:00+00:00,36.6,89544.517632
2014-09-08 00:00:00+00:00,28.1,68748.659712
2014-09-09 00:00:00+00:00,-1.62,-3963.4458624
2014-09-10 00:00:00+00:00,54.3,132848.833536
2014-09-11 00:00:00+00:00,68.9,168568.77772800002
2014-09-12 00:00:00+00:00,31.6,77311.660032
2014-09-13 00:00:00+00:00,21.8,53335.259136
2014-09-14 00:00:00+00:00,53.0,129668.29056000001
2014-09-15 00:00:00+00:00,57.6,140922.519552
2014-09-16 00:00:00+00:00,90.6,221659.379712
2014-09-17 00:00:00+00:00,55.7,136274.03366400002
2014-09-18 00:00:00+00:00,21.0,51378.001919999995
2014-09-19 00:00:00+00:00,18.4,45016.915967999994
2014-09-20 00:00:00+00:00,41.5,101532.71808
2014-09-21 00:00:00+00:00,60.9,148996.205568
2014-09-22 00:00:00+00:00,37.1,90767.80339199999
2014-09-23 00:00:00+00:00,3.68,9003.3831936
2014-09-24 00:00:00+00:00,-22.4,-54803.20204799999
2014-09-25 00:00:00+00:00,-45.7,-111808.318464
2014-09-26 00:00:00+00:00,-59.8,-146304.97689599998
2014-09-27 00:00:00+00:00,-47.7,-116701.461504
2014-09-28 00:00:00+00:00,-33.2,-81226.174464
2014-09-29 00:00:00+00:00,-29.6,-72418.516992
2014-09-30 00:00:00+00:00,-45.6,-111563.66131200001
2014-10-01 00:00:00+00:00,-12.5,-30582.144
2014-10-02 00:00:00+00:00,-34.8,-85140.68889599999
2014-10-03 00:00:00+00:00,-29.0,-70950.57408
2014-10-04 00:00:00+00:00,-60.0,-146794.2912
2014-10-05 00:00:00+00:00,-28.1,-68748.659712
2014-10-06 00:00:00+00:00,19.8,48442.116096000005
2014-10-07 00:00:00+00:00,26.6,65078.802432000004
2014-10-08 00:00:00+00:00,27.2,66546.745344
2014-10-09 00:00:00+00:00,-8.83,-21603.226521599998
2014-10-10 00:00:00+00:00,-11.5,-28135.572480000003
2014-10-11 00:00:00+00:00,-4.58,-11205.2975616
2014-10-12 00:00:00+00:00,-4.14,-10128.8060928
2014-10-13 00:00:00+00:00,-10.5,-25689.000959999998
2014-10-14 00:00:00+00:00,-28.3,-69237.974016
2014-10-15 00:00:00+00:00,-88.9,-217500.208128
2014-10-16 00:00:00+00:00,-10.7,-26178.315264
2014-10-17 00:00:00+00:00,27.5,67280.7168
2014-10-18 00:00:00+00:00,23.8,58228.402175999996
2014-10-19 00:00:00+00:00,41.6,101777.37523199999
2014-10-20 00:00:00+00:00,48.0,117435.43295999999
2014-10-21 00:00:00+00:00,27.7,67770.031104
2014-10-22 00:00:00+00:00,17.6,43059.658752
2014-10-23 00:00:00+00:00,-7.01,-17150.4663552
2014-10-24 00:00:00+00:00,-14.5,-35475.28704
2014-10-25 00:00:00+00:00,-45.9,-112297.632768
2014-10-26 00:00:00+00:00,-39.1,-95660.946432
2014-10-27 00:00:00+00:00,-25.0,-61164.288
2014-10-28 00:00:00+00:00,-34.5,-84406.71744
2014-10-29 00:00:00+00:00,-33.0,-80736.86016
2014-10-30 00:00:00+00:00,-27.7,-67770.031104
2014-10-31 00:00:00+00:00,-28.9,-70705.916928
2014-11-01 00:00:00+00:00,-33.5,-81960.14592000001
2014-11-02 00:00:00+00:00,-35.2,-86119.317504
2014-11-03 00:00:00+00:00,-3.15,-7706.700288
2014-11-04 00:00:00+00:00,19.5,47708.144640000006
2014-11-05 00:00:00+00:00,37.4,91501.774848
2014-11-06 00:00:00+00:00,34.5,84406.71744
2014-11-07 00:00:00+00:00,38.0,92969.71776
2014-11-08 00:00:00+00:00,41.3,101043.40377599999
2014-11-09 00:00:00+00:00,37.2,91012.460544
2014-11-10 00:00:00+00:00,20.8,50888.687615999996
2014-11-11 00:00:00+00:00,23.0,56271.144960000005
2014-11-12 00:00:00+00:00,20.0,48931.4304
2014-11-13 00:00:00+00:00,18.0,44038.28736
2014-11-14 00:00:00+00:00,14.0,34252.00128
2014-11-15 00:00:00+00:00,10.0,24465.7152
2014-11-16 00:00:00+00:00,6.0,14679.429119999999
2014-11-17 00:00:00+00:00,3.0,7339.714559999999
2014-11-18 00:00:00+00:00,1.0,2446.57152
2014-11-19 00:00:00+00:00,0.0,0.0
2014-11-20 00:00:00+00:00,0.0,0.0
2014-11-21 00:00:00+00:00,0.0,0.0
2014-11-22 00:00:00+00:00,0.0,0.0
2014-11-23 00:00:00+00:00,0.0,0.0
2014-11-24 00:00:00+00:00,0.0,0.0
2014-11-25 00:00:00+00:00,0.0,0.0
2014-11-26 00:00:00+00:00,0.0,0.0
2014-11-27 00:00:00+00:00,0.0,0.0
2014-11-28 00:00:00+00:00,0.62,1516.8743424
2014-11-29 00:00:00+00:00,-1.14,-2789.0915327999996
2014-11-30 00:00:00+00:00,18.3,44772.258816
2014-12-01 00:00:00+00:00,-50.8,-124285.83321599998
2014-12-02 00:00:00+00:00,-34.7,-84896.031744
2014-12-03 00:00:00+00:00,-29.6,-72418.516992
2014-12-04 00:00:00+00:00,-45.8,-112052.97561599998
2014-12-05 00:00:00+00:00,-20.4,-49910.059008
2014-12-06 00:00:00+00:00,-43.4,-106181.203968
2014-12-07 00:00:00+00:00,-39.0,-95416.28928000001
2014-12-08 00:00:00+00:00,-29.8,-72907.831296
2014-12-09 00:00:00+00:00,-40.9,-100064.77516800001
2014-12-10 00:00:00+00:00,-28.8,-70461.259776
2014-12-11 00:00:00+00:00,-87.3,-213585.693696
2014-12-12 00:00:00+00:00,-82.5,-201842.15039999998
2014-12-13 00:00:00+00:00,-106.0,-259336.58112000002
2014-12-14 00:00:00+00:00,-119.0,-291142.01088
2014-12-15 00:00:00+00:00,-87.7,-214564.322304
2014-12-16 00:00:00+00:00,-80.1,-195970.37875199996
2014-12-17 00:00:00+00:00,-77.1,-188630.664192
2014-12-18 00:00:00+00:00,-90.0,-220191.4368
2014-12-19 00:00:00+00:00,-120.0,-293588.5824
2014-12-20 00:00:00+00:00,-147.0,-359646.01344
2014-12-21 00:00:00+00:00,-251.0,-614089.45152
2014-12-22 00:00:00+00:00,-744.0,-1820249.21088
2014-12-23 00:00:00+00:00,-481.0,-1176800.90112
2014-12-24 00:00:00+00:00,-268.0,-655681.1673600001
2014-12-25 00:00:00+00:00,-198.0,-484421.16096
2014-12-26 00:00:00+00:00,-181.0,-442829.44512
2014-12-27 00:00:00+00:00,-148.0,-362092.58496
2014-12-28 00:00:00+00:00,-127.0,-310714.58304
2014-12-29 00:00:00+00:00,-98.2,-240253.323264
2014-12-30 00:00:00+00:00,-90.4,-221170.06540800002
2014-12-31 00:00:00+00:00,-85.3,-208692.55065599998
2015-01-01 00:00:00+00:00,-78.4,-191811.20716800002
2015-01-02 00:00:00+00:00,-80.5,-196949.00736000002
2015-01-03 00:00:00+00:00,-83.3,-203799.40761599998
2015-01-04 00:00:00+00:00,-74.0,-181046.29248
2015-01-05 00:00:00+00:00,-74.7,-182758.89254400003
2015-01-06 00:00:00+00:00,-63.7,-155846.605824
2015-01-07 00:00:00+00:00,-59.6,-145815.662592
2015-01-08 00:00:00+00:00,-55.7,-136274.03366400002
2015-01-09 00:00:00+00:00,-59.9,-146549.634048
2015-01-10 00:00:00+00:00,-74.4,-182024.921088
2015-01-11 00:00:00+00:00,-64.3,-157314.548736
2015-01-12 00:00:00+00:00,-72.6,-177621.09235199998
2015-01-13 00:00:00+00:00,-68.6,-167834.806272
2015-01-14 00:00:00+00:00,-73.1,-178844.37811199998
2015-01-15 00:00:00+00:00,-69.5,-170036.72064
2015-01-16 00:00:00+00:00,-69.5,-170036.72064
2015-01-17 00:00:00+00:00,-60.4,-147772.91980799998
2015-01-18 00:00:00+00:00,-96.4,-235849.49452800004
2015-01-19 00:00:00+00:00,-80.2,-196215.035904
2015-01-20 00:00:00+00:00,-98.0,-239764.00896
2015-01-21 00:00:00+00:00,-88.5,-216521.57952
2015-01-22 00:00:00+00:00,-74.4,-182024.921088
2015-01-23 00:00:00+00:00,-70.3,-171993.97785599998
2015-01-24 00:00:00+00:00,-71.4,-174685.206528
2015-01-25 00:00:00+00:00,-64.8,-158537.834496
2015-01-26 00:00:00+00:00,-63.7,-155846.605824
2015-01-27 00:00:00+00:00,-79.0,-193279.15008
2015-01-28 00:00:00+00:00,-63.4,-155112.634368
2015-01-29 00:00:00+00:00,-61.1,-149485.519872
2015-01-30 00:00:00+00:00,-50.1,-122573.23315200002
2015-01-31 00:00:00+00:00,-57.6,-140922.519552
2015-02-01 00:00:00+00:00,-58.6,-143369.091072
2015-02-02 00:00:00+00:00,-79.3,-194013.12153599996
2015-02-03 00:00:00+00:00,-82.6,-202086.80755199998
2015-02-04 00:00:00+00:00,-78.6,-192300.521472
2015-02-05 00:00:00+00:00,-57.6,-140922.519552
2015-02-06 00:00:00+00:00,-105.0,-256890.0096
2015-02-07 00:00:00+00:00,-159.0,-389004.87168
2015-02-08 00:00:00+00:00,-142.0,-347413.15584
2015-02-09 00:00:00+00:00,-220.0,-538245.7344
2015-02-10 00:00:00+00:00,-149.0,-364539.15648
2015-02-11 00:00:00+00:00,-122.0,-298481.72543999995
2015-02-12 00:00:00+00:00,-101.0,-247103.72351999997
2015-02-13 00:00:00+00:00,-99.3,-242944.55193599997
2015-02-14 00:00:00+00:00,-90.6,-221659.379712
2015-02-15 00:00:00+00:00,-82.3,-201352.83609599998
2015-02-16 00:00:00+00:00,-81.6,-199640.236032
2015-02-17 00:00:00+00:00,-70.5,-172483.29216
2015-02-18 00:00:00+00:00,-75.0,-183492.864
2015-02-19 00:00:00+00:00,-77.5,-189609.2928
2015-02-20 00:00:00+00:00,-72.6,-177621.09235199998
2015-02-21 00:00:00+00:00,-72.2,-176642.463744
2015-02-22 00:00:00+00:00,-72.3,-176887.12089599998
2015-02-23 00:00:00+00:00,-58.4,-142879.776768
2015-02-24 00:00:00+00:00,-59.5,-145571.00544
2015-02-25 00:00:00+00:00,-71.1,-173951.23507199998
2015-02-26 00:00:00+00:00,-73.0,-178599.72095999998
2015-02-27 00:00:00+00:00,-64.9,-158782.491648
2015-02-28 00:00:00+00:00,-71.4,-174685.206528
2015-03-01 00:00:00+00:00,-57.6,-140922.519552
2015-03-02 00:00:00+00:00,-64.8,-158537.834496
2015-03-03 00:00:00+00:00,-61.6,-150708.805632
2015-03-04 00:00:00+00:00,-50.1,-122573.23315200002
2015-03-05 00:00:00+00:00,-52.1,-127466.376192
2015-03-06 00:00:00+00:00,-65.4,-160005.77740800002
2015-03-07 00:00:00+00:00,-66.8,-163430.977536
2015-03-08 00:00:00+00:00,-63.7,-155846.605824
2015-03-09 00:00:00+00:00,-62.3,-152421.40569599997
2015-03-10 00:00:00+00:00,-69.5,-170036.72064
2015-03-11 00:00:00+00:00,-85.5,-209181.86496
2015-03-12 00:00:00+00:00,-49.0,-119882.00448
2015-03-13 00:00:00+00:00,-29.0,-70950.57408
2015-03-14 00:00:00+00:00,5.2,12722.171903999999
2015-03-15 00:00:00+00:00,21.2,51867.316224
2015-03-16 00:00:00+00:00,-8.14,-19915.0921728
2015-03-17 00:00:00+00:00,-32.9,-80492.203008
2015-03-18 00:00:00+00:00,-33.4,-81715.488768
2015-03-19 00:00:00+00:00,-30.9,-75599.059968
2015-03-20 00:00:00+00:00,-26.5,-64834.145280000004
2015-03-21 00:00:00+00:00,-31.1,-76088.374272
2015-03-22 00:00:00+00:00,-7.67,-18765.2035584
2015-03-23 00:00:00+00:00,-1.21,-2960.3515391999995
2015-03-24 00:00:00+00:00,-49.2,-120371.318784
2015-03-25 00:00:00+00:00,8.88,21725.5550976
2015-03-26 00:00:00+00:00,28.9,70705.916928
2015-03-27 00:00:00+00:00,46.9,114744.204288
2015-03-28 00:00:00+00:00,26.6,65078.802432000004
2015-03-29 00:00:00+00:00,20.2,49420.744704
2015-03-30 00:00:00+00:00,18.2,44527.601664
2015-03-31 00:00:00+00:00,10.1,24710.372352
2015-04-01 00:00:00+00:00,9.64,23584.949452800003
2015-04-02 00:00:00+00:00,-1.98,-4844.2116096
2015-04-03 00:00:00+00:00,13.9,34007.344128
2015-04-04 00:00:00+00:00,13.9,34007.344128
2015-04-05 00:00:00+00:00,-2.3,-5627.114495999999
2015-04-06 00:00:00+00:00,7.98,19523.6407296
2015-04-07 00:00:00+00:00,26.3,64344.830976000005
2015-04-08 00:00:00+00:00,-6.79,-16612.2206208
2015-04-09 00:00:00+00:00,1.41,3449.6658431999995
2015-04-10 00:00:00+00:00,-14.3,-34985.972736
2015-04-11 00:00:00+00:00,-21.1,-51622.659072
2015-04-12 00:00:00+00:00,6.83,16710.0834816
2015-04-13 00:00:00+00:00,-12.7,-31071.458303999996
2015-04-14 00:00:00+00:00,-17.4,-42570.344447999996
2015-04-15 00:00:00+00:00,-37.9,-92725.060608
2015-04-16 00:00:00+00:00,33.6,82204.80307200001
2015-04-17 00:00:00+00:00,116.0,283802.29632
2015-04-18 00:00:00+00:00,172.0,420810.30144
2015-04-19 00:00:00+00:00,190.0,464848.5888
2015-04-20 00:00:00+00:00,209.0,511333.44768
2015-04-21 00:00:00+00:00,185.0,452615.73120000004
2015-04-22 00:00:00+00:00,179.0,437936.30207999994
2015-04-23 00:00:00+00:00,164.0,401237.72927999997
2015-04-24 00:00:00+00:00,154.0,376772.01408
2015-04-25 00:00:00+00:00,178.0,435489.73056
2015-04-26 00:00:00+00:00,198.0,484421.16096
2015-04-27 00:00:00+00:00,198.0,484421.16096
2015-04-28 00:00:00+00:00,170.0,415917.1584
2015-04-29 00:00:00+00:00,166.0,406130.87232
2015-04-30 00:00:00+00:00,138.0,337626.86976
2015-05-01 00:00:00+00:00,155.0,379218.5856
2015-05-02 00:00:00+00:00,151.0,369432.29951999994
2015-05-03 00:00:00+00:00,151.0,369432.29951999994
2015-05-04 00:00:00+00:00,142.0,347413.15584
2015-05-05 00:00:00+00:00,63.3,154867.977216
2015-05-06 00:00:00+00:00,64.7,158293.177344
2015-05-07 00:00:00+00:00,65.2,159516.463104
2015-05-08 00:00:00+00:00,61.9,151442.777088
2015-05-09 00:00:00+00:00,51.1,125019.804672
2015-05-10 00:00:00+00:00,47.8,116946.11865599999
2015-05-11 00:00:00+00:00,4.38,10715.983257599999
2015-05-12 00:00:00+00:00,24.1,58962.37363200001
2015-05-13 00:00:00+00:00,13.4,32784.058368000005
2015-05-14 00:00:00+00:00,-21.7,-53090.601984
2015-05-15 00:00:00+00:00,-9.1,-22263.800832
2015-05-16 00:00:00+00:00,-54.3,-132848.833536
2015-05-17 00:00:00+00:00,-55.0,-134561.4336
2015-05-18 00:00:00+00:00,-63.6,-155601.948672
2015-05-19 00:00:00+00:00,-62.3,-152421.40569599997
2015-05-20 00:00:00+00:00,-66.7,-163186.320384
2015-05-21 00:00:00+00:00,-69.0,-168813.43488
2015-05-22 00:00:00+00:00,-49.2,-120371.318784
2015-05-23 00:00:00+00:00,-69.3,-169547.406336
2015-05-24 00:00:00+00:00,-83.1,-203310.093312
2015-05-25 00:00:00+00:00,-61.2,-149730.177024
2015-05-26 00:00:00+00:00,-43.0,-105202.57536
2015-05-27 00:00:00+00:00,-55.6,-136029.376512
2015-05-28 00:00:00+00:00,-36.6,-89544.517632
2015-05-29 00:00:00+00:00,-60.4,-147772.91980799998
2015-05-30 00:00:00+00:00,-62.0,-151687.43424
2015-05-31 00:00:00+00:00,2.13,5211.1973376
2015-06-01 00:00:00+00:00,80.3,196459.693056
2015-06-02 00:00:00+00:00,148.0,362092.58496
2015-06-03 00:00:00+00:00,159.0,389004.87168
2015-06-04 00:00:00+00:00,114.0,278909.15327999997
2015-06-05 00:00:00+00:00,37.9,92725.060608
2015-06-06 00:00:00+00:00,11.6,28380.229632
2015-06-07 00:00:00+00:00,47.8,116946.11865599999
2015-06-08 00:00:00+00:00,191.0,467295.16031999997
2015-06-09 00:00:00+00:00,203.0,496654.01856
2015-06-10 00:00:00+00:00,145.0,354752.87039999996
2015-06-11 00:00:00+00:00,130.0,318054.2976
2015-06-12 00:00:00+00:00,123.0,300928.29696
2015-06-13 00:00:00+00:00,95.6,233892.23731199998
2015-06-14 00:00:00+00:00,67.2,164409.60614400002
2015-06-15 00:00:00+00:00,83.7,204778.036224
2015-06-16 00:00:00+00:00,179.0,437936.30207999994
2015-06-17 00:00:00+00:00,317.0,775563.1718400001
2015-06-18 00:00:00+00:00,370.0,905231.4624000001
2015-06-19 00:00:00+00:00,404.0,988414.8940799999
2015-06-20 00:00:00+00:00,390.0,954162.8928
2015-06-21 00:00:00+00:00,336.0,822048.0307199999
2015-06-22 00:00:00+00:00,313.0,765776.88576
2015-06-23 00:00:00+00:00,365.0,892998.6048000001
2015-06-24 00:00:00+00:00,328.0,802475.4585599999
2015-06-25 00:00:00+00:00,264.0,645894.88128
2015-06-26 00:00:00+00:00,202.0,494207.44703999994
2015-06-27 00:00:00+00:00,216.0,528459.44832
2015-06-28 00:00:00+00:00,178.0,435489.73056
2015-06-29 00:00:00+00:00,176.0,430596.58752
2015-06-30 00:00:00+00:00,224.0,548032.02048
2015-07-01 00:00:00+00:00,288.0,704612.59776
2015-07-02 00:00:00+00:00,330.0,807368.6015999999
2015-07-03 00:00:00+00:00,302.0,738864.5990399999
2015-07-04 00:00:00+00:00,230.0,562711.4495999999
2015-07-05 00:00:00+00:00,219.0,535799.16288
2015-07-06 00:00:00+00:00,183.0,447722.58816
2015-07-07 00:00:00+00:00,173.0,423256.87296
2015-07-08 00:00:00+00:00,116.0,283802.29632
2015-07-09 00:00:00+00:00,78.5,192055.86432
2015-07-10 00:00:00+00:00,-35.7,-87342.603264
2015-07-11 00:00:00+00:00,-46.6,-114010.23283200001
2015-07-12 00:00:00+00:00,-51.5,-125998.43328
2015-07-13 00:00:00+00:00,-79.5,-194502.43584
2015-07-14 00:00:00+00:00,-10.2,-24955.029504
2015-07-15 00:00:00+00:00,-47.2,-115478.17574400001
2015-07-16 00:00:00+00:00,-16.1,-39389.80147200001
2015-07-17 00:00:00+00:00,13.8,33762.686976000005
2015-07-18 00:00:00+00:00,77.8,190343.264256
2015-07-19 00:00:00+00:00,85.1,208203.23635199998
2015-07-20 00:00:00+00:00,80.9,197927.63596800002
2015-07-21 00:00:00+00:00,56.6,138475.948032
2015-07-22 00:00:00+00:00,66.8,163430.977536
2015-07-23 00:00:00+00:00,102.0,249550.29504
2015-07-24 00:00:00+00:00,73.2,179089.035264
2015-07-25 00:00:00+00:00,79.7,194991.75014400002
2015-07-26 00:00:00+00:00,132.0,322947.44064
2015-07-27 00:00:00+00:00,204.0,499100.59008
2015-07-28 00:00:00+00:00,256.0,626322.30912
2015-07-29 00:00:00+00:00,290.0,709505.7407999999
2015-07-30 00:00:00+00:00,317.0,775563.1718400001
2015-07-31 00:00:00+00:00,394.0,963949.1788799999
2015-08-01 00:00:00+00:00,405.0,990861.4656
2015-08-02 00:00:00+00:00,322.0,787796.0294400001
2015-08-03 00:00:00+00:00,292.0,714398.8838399999
2015-08-04 00:00:00+00:00,246.0,601856.59392
2015-08-05 00:00:00+00:00,167.0,408577.44384
2015-08-06 00:00:00+00:00,147.0,359646.01344
2015-08-07 00:00:00+00:00,126.0,308268.01152
2015-08-08 00:00:00+00:00,98.1,240008.66611199998
2015-08-09 00:00:00+00:00,54.3,132848.833536
2015-08-10 00:00:00+00:00,57.3,140188.54809599998
2015-08-11 00:00:00+00:00,83.4,204044.064768
2015-08-12 00:00:00+00:00,153.0,374325.44256
2015-08-13 00:00:00+00:00,216.0,528459.44832
2015-08-14 00:00:00+00:00,188.0,459955.44576
2015-08-15 00:00:00+00:00,155.0,379218.5856
2015-08-16 00:00:00+00:00,112.0,274016.01024
2015-08-17 00:00:00+00:00,81.3,198906.264576
2015-08-18 00:00:00+00:00,144.0,352306.29888
2015-08-19 00:00:00+00:00,220.0,538245.7344
2015-08-20 00:00:00+00:00,199.0,486867.73248
2015-08-21 00:00:00+00:00,162.0,396344.58624000003
2015-08-22 00:00:00+00:00,152.0,371878.87104
2015-08-23 00:00:00+00:00,123.0,300928.29696
2015-08-24 00:00:00+00:00,142.0,347413.15584
2015-08-25 00:00:00+00:00,241.0,589623.73632
2015-08-26 00:00:00+00:00,326.0,797582.31552
2015-08-27 00:00:00+00:00,346.0,846513.74592
2015-08-28 00:00:00+00:00,360.0,880765.7472
2015-08-29 00:00:00+00:00,296.0,724185.16992
2015-08-30 00:00:00+00:00,241.0,589623.73632
2015-08-31 00:00:00+00:00,178.0,435489.73056
2015-09-01 00:00:00+00:00,148.0,362092.58496
2015-09-02 00:00:00+00:00,143.0,349859.72736
2015-09-03 00:00:00+00:00,146.0,357199.44191999995
2015-09-04 00:00:00+00:00,132.0,322947.44064
2015-09-05 00:00:00+00:00,89.7,219457.465344
2015-09-06 00:00:00+00:00,56.5,138231.29088000002
2015-09-07 00:00:00+00:00,-12.3,-30092.829696
2015-09-08 00:00:00+00:00,23.0,56271.144960000005
2015-09-09 00:00:00+00:00,55.6,136029.376512
2015-09-10 00:00:00+00:00,90.0,220191.4368
2015-09-11 00:00:00+00:00,106.0,259336.58112000002
2015-09-12 00:00:00+00:00,66.7,163186.320384
2015-09-13 00:00:00+00:00,-46.5,-113765.57568
2015-09-14 00:00:00+00:00,-25.8,-63121.545216
2015-09-15 00:00:00+00:00,-59.3,-145081.691136
2015-09-16 00:00:00+00:00,-71.5,-174929.86368
2015-09-17 00:00:00+00:00,-94.9,-232179.637248
2015-09-18 00:00:00+00:00,-77.7,-190098.607104
2015-09-19 00:00:00+00:00,-74.8,-183003.549696
2015-09-20 00:00:00+00:00,-97.3,-238051.40889599998
2015-09-21 00:00:00+00:00,-68.8,-168324.120576
2015-09-22 00:00:00+00:00,-64.5,-157803.86304
2015-09-23 00:00:00+00:00,-55.4,-135540.062208
2015-09-24 00:00:00+00:00,-29.3,-71684.545536
2015-09-25 00:00:00+00:00,-63.5,-155357.29152
2015-09-26 00:00:00+00:00,-53.1,-129912.947712
2015-09-27 00:00:00+00:00,-47.0,-114988.86144
2015-09-28 00:00:00+00:00,-32.6,-79758.231552
2015-09-29 00:00:00+00:00,-23.8,-58228.402175999996
