epoch,loss,kfold,class
0,13.03159236907959,0,training
1,9.217677116394043,0,training
2,9.167219161987305,0,training
3,9.142926216125488,0,training
4,9.118969917297363,0,training
5,9.120686531066895,0,training
6,9.059374809265137,0,training
7,9.096956253051758,0,training
8,9.057278633117676,0,training
9,9.070164680480957,0,training
10,9.05129623413086,0,training
11,9.049067497253418,0,training
12,9.032979965209961,0,training
13,9.01784610748291,0,training
14,9.032539367675781,0,training
15,9.01335620880127,0,training
16,9.01793098449707,0,training
17,9.005248069763184,0,training
18,9.011273384094238,0,training
19,8.989224433898926,0,training
20,9.025873184204102,0,training
21,8.99780559539795,0,training
22,9.000948905944824,0,training
23,8.986791610717773,0,training
24,9.00144100189209,0,training
25,8.986126899719238,0,training
26,8.988247871398926,0,training
27,8.993071556091309,0,training
28,8.992341041564941,0,training
29,8.991558074951172,0,training
30,8.988106727600098,0,training
31,8.980857849121094,0,training
32,8.982240676879883,0,training
33,8.973527908325195,0,training
34,8.97624683380127,0,training
35,8.975421905517578,0,training
36,8.97105884552002,0,training
37,8.981746673583984,0,training
38,8.956283569335938,0,training
39,8.964350700378418,0,training
40,8.965079307556152,0,training
41,8.97404956817627,0,training
42,8.962952613830566,0,training
43,8.9693021774292,0,training
44,8.973688125610352,0,training
45,8.957408905029297,0,training
0,12.386642456054688,1,training
1,9.16823673248291,1,training
2,9.145113945007324,1,training
3,9.109292984008789,1,training
4,9.11825942993164,1,training
5,9.048067092895508,1,training
6,9.052114486694336,1,training
7,9.03348445892334,1,training
8,9.039341926574707,1,training
9,9.024513244628906,1,training
10,9.018254280090332,1,training
11,9.004358291625977,1,training
12,9.008277893066406,1,training
13,8.982001304626465,1,training
14,8.995780944824219,1,training
15,8.980463981628418,1,training
16,8.982398986816406,1,training
0,11.42448902130127,2,training
1,9.125176429748535,2,training
2,9.105457305908203,2,training
3,9.044600486755371,2,training
4,9.070022583007812,2,training
5,9.051047325134277,2,training
6,9.018901824951172,2,training
7,8.987969398498535,2,training
8,9.004344940185547,2,training
9,8.981752395629883,2,training
10,8.98222541809082,2,training
11,8.977218627929688,2,training
12,8.985878944396973,2,training
13,8.996818542480469,2,training
14,8.97042179107666,2,training
15,8.987192153930664,2,training
0,11.804242134094238,3,training
1,9.197745323181152,3,training
2,9.141950607299805,3,training
3,9.097357749938965,3,training
4,9.084357261657715,3,training
5,9.078815460205078,3,training
6,9.048515319824219,3,training
7,9.030092239379883,3,training
8,9.01905632019043,3,training
9,9.041765213012695,3,training
10,9.018621444702148,3,training
11,8.988090515136719,3,training
12,9.021624565124512,3,training
13,9.001494407653809,3,training
14,8.999943733215332,3,training
15,8.985715866088867,3,training
0,11.917463302612305,4,training
1,9.266043663024902,4,training
2,9.22437572479248,4,training
3,9.13180160522461,4,training
4,9.137582778930664,4,training
5,9.109084129333496,4,training
6,9.112445831298828,4,training
7,9.10707950592041,4,training
8,9.077022552490234,4,training
9,9.102507591247559,4,training
10,9.067760467529297,4,training
11,9.071124076843262,4,training
12,9.075251579284668,4,training
13,9.068634986877441,4,training
14,9.06612491607666,4,training
15,9.069966316223145,4,training
16,9.049120903015137,4,training
17,9.052217483520508,4,training
18,9.058374404907227,4,training
19,9.045454025268555,4,training
20,9.045042037963867,4,training
21,9.032323837280273,4,training
22,9.029356002807617,4,training
23,9.046060562133789,4,training
24,9.0241060256958,4,training
25,9.036844253540039,4,training
26,9.027862548828125,4,training
27,9.036280632019043,4,training
28,9.019797325134277,4,training
29,9.019606590270996,4,training
30,9.020674705505371,4,training
0,12.228982925415039,5,training
1,9.17628002166748,5,training
2,9.1303129196167,5,training
3,9.098333358764648,5,training
4,9.073697090148926,5,training
5,9.067455291748047,5,training
6,9.04528522491455,5,training
7,9.011809349060059,5,training
8,9.030484199523926,5,training
9,9.017810821533203,5,training
10,9.00452995300293,5,training
11,9.006382942199707,5,training
12,8.998098373413086,5,training
13,8.971243858337402,5,training
14,8.984212875366211,5,training
15,8.985578536987305,5,training
16,8.96745491027832,5,training
0,11.761133193969727,6,training
1,9.209949493408203,6,training
2,9.142441749572754,6,training
3,9.10976791381836,6,training
4,9.091621398925781,6,training
5,9.094669342041016,6,training
6,9.075533866882324,6,training
7,9.078499794006348,6,training
8,9.064719200134277,6,training
9,9.045899391174316,6,training
10,9.060205459594727,6,training
11,9.038166046142578,6,training
12,9.032259941101074,6,training
13,9.038494110107422,6,training
14,9.012710571289062,6,training
15,9.027822494506836,6,training
16,9.033868789672852,6,training
0,12.308609008789062,7,training
1,9.193567276000977,7,training
2,9.167339324951172,7,training
3,9.10416316986084,7,training
4,9.098608016967773,7,training
5,9.107454299926758,7,training
6,9.059649467468262,7,training
7,9.041865348815918,7,training
8,9.034777641296387,7,training
9,9.030118942260742,7,training
10,9.021628379821777,7,training
11,9.017711639404297,7,training
12,9.020087242126465,7,training
0,11.9146089553833,8,training
1,9.203737258911133,8,training
2,9.16391372680664,8,training
3,9.141380310058594,8,training
4,9.12681770324707,8,training
5,9.095918655395508,8,training
6,9.090924263000488,8,training
7,9.07132339477539,8,training
8,9.07878589630127,8,training
9,9.056711196899414,8,training
10,9.062246322631836,8,training
11,9.041868209838867,8,training
12,9.062363624572754,8,training
13,9.05783748626709,8,training
14,9.03855037689209,8,training
15,9.02308464050293,8,training
16,9.024788856506348,8,training
17,9.02394962310791,8,training
18,9.022775650024414,8,training
19,9.022448539733887,8,training
20,9.020874977111816,8,training
21,9.006799697875977,8,training
22,9.007411003112793,8,training
23,9.004264831542969,8,training
24,9.010551452636719,8,training
0,12.095115661621094,9,training
1,9.179047584533691,9,training
2,9.116145133972168,9,training
3,9.085209846496582,9,training
4,9.07957649230957,9,training
5,9.041728019714355,9,training
6,9.044590950012207,9,training
7,9.02758502960205,9,training
8,8.997827529907227,9,training
9,9.024317741394043,9,training
10,9.005739212036133,9,training
11,8.988067626953125,9,training
12,8.996116638183594,9,training
13,8.979307174682617,9,training
14,8.98056411743164,9,training
15,8.988587379455566,9,training
16,8.98106575012207,9,training
17,8.983695030212402,9,training
18,8.957289695739746,9,training
19,8.985888481140137,9,training
20,8.969661712646484,9,training
21,8.960416793823242,9,training
0,11.667337417602539,10,training
1,9.145584106445312,10,training
2,9.11058521270752,10,training
3,9.099555015563965,10,training
4,9.08303165435791,10,training
5,9.048047065734863,10,training
6,9.016919136047363,10,training
7,9.032877922058105,10,training
8,9.01745891571045,10,training
9,9.007454872131348,10,training
10,8.98346996307373,10,training
0,11.807236671447754,11,training
1,9.166007041931152,11,training
2,9.143138885498047,11,training
3,9.142050743103027,11,training
4,9.1087646484375,11,training
5,9.111311912536621,11,training
6,9.081442832946777,11,training
7,9.075298309326172,11,training
8,9.042122840881348,11,training
9,9.04273509979248,11,training
10,9.030173301696777,11,training
11,9.037357330322266,11,training
12,9.019478797912598,11,training
13,9.04946231842041,11,training
14,9.00661563873291,11,training
15,9.024266242980957,11,training
16,9.003066062927246,11,training
17,9.006139755249023,11,training
18,9.019853591918945,11,training
0,11.858624458312988,12,training
1,9.191396713256836,12,training
2,9.127707481384277,12,training
3,9.098390579223633,12,training
4,9.081596374511719,12,training
5,9.056090354919434,12,training
6,9.078492164611816,12,training
7,9.052504539489746,12,training
8,9.055415153503418,12,training
9,9.041302680969238,12,training
10,9.028425216674805,12,training
11,9.002531051635742,12,training
12,9.01368522644043,12,training
13,9.021143913269043,12,training
14,9.002989768981934,12,training
15,8.998064041137695,12,training
16,9.00796127319336,12,training
17,8.981461524963379,12,training
18,8.990537643432617,12,training
0,11.8312349319458,13,training
1,9.194294929504395,13,training
2,9.16929817199707,13,training
3,9.133355140686035,13,training
4,9.098358154296875,13,training
5,9.10299301147461,13,training
6,9.080526351928711,13,training
7,9.093811988830566,13,training
8,9.060636520385742,13,training
9,9.050774574279785,13,training
10,9.042020797729492,13,training
11,9.0248384475708,13,training
12,9.047204971313477,13,training
13,9.011473655700684,13,training
14,9.034214973449707,13,training
15,9.024088859558105,13,training
16,9.024442672729492,13,training
17,9.000207901000977,13,training
18,9.013509750366211,13,training
19,9.022904396057129,13,training
20,9.005718231201172,13,training
21,9.008077621459961,13,training
22,9.024497032165527,13,training
23,9.004258155822754,13,training
24,8.998117446899414,13,training
25,8.99761962890625,13,training
26,8.996437072753906,13,training
27,8.989258766174316,13,training
28,8.99554443359375,13,training
29,8.996319770812988,13,training
30,8.994477272033691,13,training
31,8.984213829040527,13,training
32,8.979394912719727,13,training
33,8.994229316711426,13,training
34,8.992037773132324,13,training
35,8.990915298461914,13,training
36,8.995400428771973,13,training
37,8.978135108947754,13,training
38,8.99190616607666,13,training
39,8.989885330200195,13,training
40,8.982290267944336,13,training
0,11.917682647705078,14,training
1,9.181930541992188,14,training
2,9.151411056518555,14,training
3,9.131385803222656,14,training
4,9.142022132873535,14,training
5,9.114545822143555,14,training
6,9.079249382019043,14,training
7,9.087273597717285,14,training
8,9.071470260620117,14,training
9,9.055628776550293,14,training
10,9.05687141418457,14,training
11,9.042075157165527,14,training
12,9.052985191345215,14,training
13,9.034422874450684,14,training
14,9.02783489227295,14,training
15,9.033113479614258,14,training
16,9.024497032165527,14,training
17,9.015228271484375,14,training
18,9.016815185546875,14,training
19,9.024505615234375,14,training
20,9.005343437194824,14,training
21,9.01092529296875,14,training
22,9.018678665161133,14,training
0,11.642520904541016,15,training
1,9.19071102142334,15,training
2,9.143004417419434,15,training
3,9.110410690307617,15,training
4,9.104113578796387,15,training
5,9.102540969848633,15,training
6,9.111150741577148,15,training
7,9.07876968383789,15,training
8,9.06867790222168,15,training
9,9.059538841247559,15,training
10,9.055617332458496,15,training
11,9.056760787963867,15,training
12,9.040273666381836,15,training
13,9.031990051269531,15,training
14,9.026469230651855,15,training
15,9.036273002624512,15,training
16,9.028478622436523,15,training
17,9.037137031555176,15,training
18,9.028002738952637,15,training
0,11.736028671264648,16,training
1,9.203262329101562,16,training
2,9.160179138183594,16,training
3,9.122754096984863,16,training
4,9.074382781982422,16,training
5,9.078581809997559,16,training
6,9.053008079528809,16,training
7,9.061464309692383,16,training
8,9.040263175964355,16,training
9,9.037601470947266,16,training
10,9.032058715820312,16,training
11,9.01585578918457,16,training
12,8.999524116516113,16,training
13,9.008631706237793,16,training
14,8.997644424438477,16,training
15,8.993000030517578,16,training
16,8.991251945495605,16,training
17,8.992874145507812,16,training
18,8.980443000793457,16,training
19,8.973793983459473,16,training
20,8.96277141571045,16,training
21,8.978760719299316,16,training
22,8.964187622070312,16,training
23,8.948288917541504,16,training
24,8.954424858093262,16,training
25,8.960227012634277,16,training
26,8.9608793258667,16,training
27,8.95354175567627,16,training
28,8.959920883178711,16,training
29,8.948280334472656,16,training
0,12.530786514282227,17,training
1,9.181770324707031,17,training
2,9.126435279846191,17,training
3,9.071468353271484,17,training
4,9.053238868713379,17,training
5,9.040141105651855,17,training
6,9.043115615844727,17,training
7,9.02323055267334,17,training
8,9.017973899841309,17,training
9,8.986286163330078,17,training
10,8.994423866271973,17,training
11,8.994538307189941,17,training
12,8.989073753356934,17,training
13,8.996153831481934,17,training
14,8.9735746383667,17,training
15,8.97131061553955,17,training
16,8.979227066040039,17,training
17,8.95190715789795,17,training
18,8.955156326293945,17,training
19,8.957847595214844,17,training
20,8.970491409301758,17,training
21,8.96156120300293,17,training
22,8.95162296295166,17,training
23,8.957728385925293,17,training
24,8.94614028930664,17,training
25,8.945464134216309,17,training
26,8.945151329040527,17,training
0,12.757554054260254,18,training
1,9.2120943069458,18,training
2,9.151439666748047,18,training
3,9.124908447265625,18,training
4,9.111272811889648,18,training
5,9.063347816467285,18,training
6,9.051043510437012,18,training
7,9.066256523132324,18,training
8,9.04330825805664,18,training
9,9.04507827758789,18,training
10,9.029802322387695,18,training
11,9.040541648864746,18,training
12,9.0237455368042,18,training
13,9.050168991088867,18,training
14,9.027314186096191,18,training
15,9.018821716308594,18,training
16,9.024873733520508,18,training
17,9.022965431213379,18,training
18,9.009756088256836,18,training
19,9.02171516418457,18,training
20,9.009055137634277,18,training
21,9.014945030212402,18,training
22,9.00301456451416,18,training
0,12.438604354858398,19,training
1,9.165647506713867,19,training
2,9.14746379852295,19,training
3,9.150628089904785,19,training
4,9.10435676574707,19,training
5,9.09067440032959,19,training
6,9.080519676208496,19,training
7,9.078956604003906,19,training
8,9.06983470916748,19,training
9,9.06418514251709,19,training
10,9.06317138671875,19,training
11,9.058114051818848,19,training
12,9.04295825958252,19,training
13,9.031911849975586,19,training
14,9.033244132995605,19,training
15,9.022828102111816,19,training
16,8.994356155395508,19,training
17,9.019657135009766,19,training
0,11.557765007019043,20,training
1,9.231497764587402,20,training
2,9.175254821777344,20,training
3,9.145486831665039,20,training
4,9.119732856750488,20,training
5,9.120802879333496,20,training
6,9.080015182495117,20,training
7,9.067962646484375,20,training
8,9.086525917053223,20,training
9,9.069358825683594,20,training
10,9.041910171508789,20,training
11,9.036749839782715,20,training
12,9.048110961914062,20,training
13,9.040782928466797,20,training
14,9.03643798828125,20,training
15,9.035107612609863,20,training
16,9.029341697692871,20,training
0,12.017770767211914,21,training
1,9.195469856262207,21,training
2,9.193801879882812,21,training
3,9.112552642822266,21,training
4,9.10025405883789,21,training
5,9.097526550292969,21,training
6,9.07803726196289,21,training
7,9.067499160766602,21,training
8,9.051076889038086,21,training
9,9.049722671508789,21,training
10,9.043707847595215,21,training
11,9.027117729187012,21,training
12,9.03393840789795,21,training
13,9.024589538574219,21,training
14,9.01233196258545,21,training
15,9.014666557312012,21,training
16,9.021590232849121,21,training
0,12.114869117736816,22,training
1,9.224374771118164,22,training
2,9.135817527770996,22,training
3,9.120299339294434,22,training
4,9.102015495300293,22,training
5,9.071915626525879,22,training
6,9.062518119812012,22,training
7,9.053466796875,22,training
8,9.03084945678711,22,training
9,9.028108596801758,22,training
10,9.008180618286133,22,training
11,9.017231941223145,22,training
12,8.992079734802246,22,training
0,11.930154800415039,23,training
1,9.136463165283203,23,training
2,9.102999687194824,23,training
3,9.049997329711914,23,training
4,9.05068302154541,23,training
5,9.006628036499023,23,training
6,9.02396011352539,23,training
7,8.983904838562012,23,training
8,8.984076499938965,23,training
9,8.980053901672363,23,training
10,8.963228225708008,23,training
11,8.957584381103516,23,training
12,8.95055866241455,23,training
13,8.943060874938965,23,training
14,8.92754077911377,23,training
15,8.920742988586426,23,training
16,8.917586326599121,23,training
0,12.206103324890137,24,training
1,9.212347984313965,24,training
2,9.161375045776367,24,training
3,9.133240699768066,24,training
4,9.112713813781738,24,training
5,9.096795082092285,24,training
6,9.090677261352539,24,training
7,9.067963600158691,24,training
8,9.060263633728027,24,training
9,9.063654899597168,24,training
10,9.032491683959961,24,training
11,9.030665397644043,24,training
12,9.028365135192871,24,training
13,9.033207893371582,24,training
14,9.032273292541504,24,training
15,9.002829551696777,24,training
16,9.018939018249512,24,training
17,9.029122352600098,24,training
18,9.006101608276367,24,training
19,9.018434524536133,24,training
20,9.007438659667969,24,training
21,9.028374671936035,24,training
22,8.980706214904785,24,training
23,9.011120796203613,24,training
24,9.00171184539795,24,training
25,9.015311241149902,24,training
26,8.99688720703125,24,training
27,8.989351272583008,24,training
28,9.009193420410156,24,training
29,8.999931335449219,24,training
30,8.988274574279785,24,training
31,9.000666618347168,24,training
32,9.003679275512695,24,training
33,8.986261367797852,24,training
0,11.770984649658203,25,training
1,9.194025039672852,25,training
2,9.148137092590332,25,training
3,9.12359619140625,25,training
4,9.072264671325684,25,training
5,9.068260192871094,25,training
6,9.055572509765625,25,training
7,9.046601295471191,25,training
8,9.038817405700684,25,training
9,9.030241966247559,25,training
10,9.016776084899902,25,training
11,9.011396408081055,25,training
12,9.009271621704102,25,training
13,9.008352279663086,25,training
14,9.003936767578125,25,training
15,9.002593994140625,25,training
16,9.012749671936035,25,training
17,8.995562553405762,25,training
18,8.985164642333984,25,training
19,8.980895042419434,25,training
20,8.987269401550293,25,training
21,8.980342864990234,25,training
22,8.977020263671875,25,training
23,8.975032806396484,25,training
24,8.985989570617676,25,training
25,8.96802806854248,25,training
26,8.964452743530273,25,training
27,8.98342514038086,25,training
28,8.956254005432129,25,training
0,11.945257186889648,26,training
1,9.176197052001953,26,training
2,9.12247371673584,26,training
3,9.101600646972656,26,training
4,9.066469192504883,26,training
5,9.06509017944336,26,training
6,9.054839134216309,26,training
7,9.03779125213623,26,training
8,9.019980430603027,26,training
9,9.03272533416748,26,training
10,9.00490665435791,26,training
11,9.012887001037598,26,training
12,9.001810073852539,26,training
13,8.98497200012207,26,training
14,8.986551284790039,26,training
15,8.982254981994629,26,training
16,8.985885620117188,26,training
17,9.002914428710938,26,training
0,11.825307846069336,27,training
1,9.245549201965332,27,training
2,9.191883087158203,27,training
3,9.129717826843262,27,training
4,9.108797073364258,27,training
5,9.112655639648438,27,training
6,9.090034484863281,27,training
7,9.077470779418945,27,training
8,9.075376510620117,27,training
9,9.064892768859863,27,training
10,9.036773681640625,27,training
11,9.045429229736328,27,training
12,9.0554838180542,27,training
13,9.022162437438965,27,training
14,9.022040367126465,27,training
15,9.036577224731445,27,training
16,9.004928588867188,27,training
0,12.011884689331055,28,training
1,9.156582832336426,28,training
2,9.111822128295898,28,training
3,9.09394645690918,28,training
4,9.091398239135742,28,training
5,9.037813186645508,28,training
6,9.016539573669434,28,training
7,9.019184112548828,28,training
8,9.002756118774414,28,training
9,9.004229545593262,28,training
10,9.000197410583496,28,training
11,8.996617317199707,28,training
12,8.973093032836914,28,training
13,8.991106986999512,28,training
14,8.979443550109863,28,training
15,8.967158317565918,28,training
16,8.966805458068848,28,training
17,8.96871280670166,28,training
18,8.953720092773438,28,training
19,8.95793628692627,28,training
20,8.957133293151855,28,training
21,8.96614933013916,28,training
22,8.95677661895752,28,training
23,8.95545482635498,28,training
24,8.957797050476074,28,training
25,8.969883918762207,28,training
0,11.884449005126953,29,training
1,9.200697898864746,29,training
2,9.150176048278809,29,training
3,9.113093376159668,29,training
4,9.090506553649902,29,training
5,9.081899642944336,29,training
6,9.070497512817383,29,training
7,9.077939987182617,29,training
8,9.054930686950684,29,training
9,9.048454284667969,29,training
10,9.036335945129395,29,training
11,9.025325775146484,29,training
12,9.03674602508545,29,training
13,9.03570556640625,29,training
14,9.001331329345703,29,training
15,9.027463912963867,29,training
16,9.017532348632812,29,training
17,9.029736518859863,29,training
18,9.012319564819336,29,training
19,9.008723258972168,29,training
20,9.004536628723145,29,training
21,9.023307800292969,29,training
22,8.99610424041748,29,training
23,9.005108833312988,29,training
24,9.00101089477539,29,training
25,9.00326919555664,29,training
26,8.978570938110352,29,training
27,9.001544952392578,29,training
28,8.998501777648926,29,training
0,11.866209983825684,30,training
1,9.192267417907715,30,training
2,9.123281478881836,30,training
3,9.108973503112793,30,training
4,9.090368270874023,30,training
5,9.048667907714844,30,training
6,9.06099796295166,30,training
7,9.052643775939941,30,training
8,9.054596900939941,30,training
9,9.046350479125977,30,training
10,9.008072853088379,30,training
11,9.028223037719727,30,training
12,9.02767562866211,30,training
13,9.007732391357422,30,training
14,8.99831771850586,30,training
15,8.983593940734863,30,training
16,8.993054389953613,30,training
17,8.98322868347168,30,training
18,8.981071472167969,30,training
19,8.988565444946289,30,training
0,11.81798267364502,31,training
1,9.222161293029785,31,training
2,9.186484336853027,31,training
3,9.156667709350586,31,training
4,9.125815391540527,31,training
5,9.14183521270752,31,training
6,9.12247371673584,31,training
7,9.075632095336914,31,training
8,9.07070541381836,31,training
9,9.073952674865723,31,training
10,9.068465232849121,31,training
0,11.69658088684082,32,training
1,9.166574478149414,32,training
2,9.13349437713623,32,training
3,9.109764099121094,32,training
4,9.05997085571289,32,training
5,9.067784309387207,32,training
6,9.039453506469727,32,training
7,9.02949333190918,32,training
8,9.043157577514648,32,training
9,9.013843536376953,32,training
10,9.009591102600098,32,training
11,9.013912200927734,32,training
12,9.012101173400879,32,training
13,9.005542755126953,32,training
14,8.985554695129395,32,training
15,9.00383186340332,32,training
16,9.008085250854492,32,training
17,8.972840309143066,32,training
18,8.994125366210938,32,training
19,8.986517906188965,32,training
20,9.010900497436523,32,training
21,8.995320320129395,32,training
22,8.986597061157227,32,training
0,11.52005386352539,33,training
1,9.163400650024414,33,training
2,9.103910446166992,33,training
3,9.091526985168457,33,training
4,9.037347793579102,33,training
5,9.048399925231934,33,training
6,9.028367042541504,33,training
7,9.014023780822754,33,training
8,9.024298667907715,33,training
9,9.001983642578125,33,training
10,8.989860534667969,33,training
11,9.004300117492676,33,training
12,8.991804122924805,33,training
13,8.980511665344238,33,training
14,8.975959777832031,33,training
15,8.977778434753418,33,training
16,8.955095291137695,33,training
17,8.976943016052246,33,training
0,12.184420585632324,34,training
1,9.212026596069336,34,training
2,9.112883567810059,34,training
3,9.119987487792969,34,training
4,9.078110694885254,34,training
5,9.036968231201172,34,training
6,9.03596019744873,34,training
7,9.016336441040039,34,training
8,9.009318351745605,34,training
9,9.012076377868652,34,training
10,9.013744354248047,34,training
11,8.984586715698242,34,training
12,8.995845794677734,34,training
13,8.989418029785156,34,training
14,8.98521614074707,34,training
0,11.875275611877441,35,training
1,9.157085418701172,35,training
2,9.107498168945312,35,training
3,9.088163375854492,35,training
4,9.049997329711914,35,training
5,9.033449172973633,35,training
6,9.043006896972656,35,training
7,9.021431922912598,35,training
8,9.014165878295898,35,training
9,9.030406951904297,35,training
10,9.002983093261719,35,training
11,8.981552124023438,35,training
12,8.98812198638916,35,training
0,11.718035697937012,36,training
1,9.267351150512695,36,training
2,9.222095489501953,36,training
3,9.200654029846191,36,training
4,9.159151077270508,36,training
5,9.125741958618164,36,training
6,9.138893127441406,36,training
7,9.139609336853027,36,training
8,9.08785629272461,36,training
9,9.113490104675293,36,training
10,9.066915512084961,36,training
11,9.075357437133789,36,training
12,9.065584182739258,36,training
13,9.065242767333984,36,training
14,9.034509658813477,36,training
15,9.062631607055664,36,training
16,9.036164283752441,36,training
17,9.044493675231934,36,training
18,9.063783645629883,36,training
0,11.810046195983887,37,training
1,9.162130355834961,37,training
2,9.150516510009766,37,training
3,9.101066589355469,37,training
4,9.106697082519531,37,training
5,9.090258598327637,37,training
6,9.05667781829834,37,training
7,9.043143272399902,37,training
8,9.02394962310791,37,training
9,9.043193817138672,37,training
10,9.03237533569336,37,training
11,9.034403800964355,37,training
12,9.006023406982422,37,training
13,8.997819900512695,37,training
14,9.003520965576172,37,training
15,8.996733665466309,37,training
16,9.00494384765625,37,training
17,9.00454330444336,37,training
18,9.018306732177734,37,training
19,8.987015724182129,37,training
20,8.994558334350586,37,training
21,8.994169235229492,37,training
22,9.000007629394531,37,training
0,11.452802658081055,38,training
1,9.19752311706543,38,training
2,9.157675743103027,38,training
3,9.126273155212402,38,training
4,9.112120628356934,38,training
5,9.073981285095215,38,training
6,9.060368537902832,38,training
7,9.05135440826416,38,training
8,9.046263694763184,38,training
9,9.053961753845215,38,training
10,9.041090965270996,38,training
11,9.031837463378906,38,training
12,9.031922340393066,38,training
13,9.031274795532227,38,training
14,9.01878547668457,38,training
15,9.03680419921875,38,training
0,11.662553787231445,39,training
1,9.154158592224121,39,training
2,9.082529067993164,39,training
3,9.05232048034668,39,training
4,9.033209800720215,39,training
5,9.028484344482422,39,training
6,9.00644302368164,39,training
7,9.017532348632812,39,training
8,8.974264144897461,39,training
9,8.982826232910156,39,training
10,8.97016429901123,39,training
11,8.969852447509766,39,training
12,8.988611221313477,39,training
13,8.955567359924316,39,training
14,8.949884414672852,39,training
15,8.946775436401367,39,training
16,8.963323593139648,39,training
17,8.944541931152344,39,training
18,8.937023162841797,39,training
19,8.942410469055176,39,training
20,8.93538761138916,39,training
21,8.941676139831543,39,training
0,12.733386993408203,40,training
1,9.186919212341309,40,training
2,9.164253234863281,40,training
3,9.114437103271484,40,training
4,9.091252326965332,40,training
5,9.074970245361328,40,training
6,9.044957160949707,40,training
7,9.031229972839355,40,training
8,9.02652359008789,40,training
9,9.035386085510254,40,training
10,9.019035339355469,40,training
0,11.675090789794922,41,training
1,9.132245063781738,41,training
2,9.09174633026123,41,training
3,9.065258979797363,41,training
4,9.041051864624023,41,training
5,9.04323959350586,41,training
6,9.012869834899902,41,training
7,8.998882293701172,41,training
8,8.982942581176758,41,training
9,8.971723556518555,41,training
10,8.98160457611084,41,training
11,9.00131893157959,41,training
12,8.976495742797852,41,training
13,8.972137451171875,41,training
14,8.975234985351562,41,training
0,11.244470596313477,42,training
1,9.143049240112305,42,training
2,9.102378845214844,42,training
3,9.082165718078613,42,training
4,9.057235717773438,42,training
5,9.05675220489502,42,training
6,9.058951377868652,42,training
7,9.0230131149292,42,training
8,9.018386840820312,42,training
9,9.01661205291748,42,training
10,9.017440795898438,42,training
11,8.996660232543945,42,training
12,9.016261100769043,42,training
13,9.01307487487793,42,training
14,8.990144729614258,42,training
15,8.980284690856934,42,training
16,8.993684768676758,42,training
17,8.96501350402832,42,training
18,8.979814529418945,42,training
19,8.975024223327637,42,training
20,8.98206615447998,42,training
0,12.427748680114746,43,training
1,9.200223922729492,43,training
2,9.185142517089844,43,training
3,9.15587329864502,43,training
4,9.139610290527344,43,training
5,9.098797798156738,43,training
6,9.117321968078613,43,training
7,9.113709449768066,43,training
8,9.070202827453613,43,training
9,9.075822830200195,43,training
10,9.054586410522461,43,training
11,9.0557222366333,43,training
12,9.043804168701172,43,training
13,9.042521476745605,43,training
14,9.039678573608398,43,training
15,9.039807319641113,43,training
16,9.022043228149414,43,training
17,9.009519577026367,43,training
18,9.015446662902832,43,training
19,9.023797988891602,43,training
20,8.996424674987793,43,training
21,9.01652717590332,43,training
22,8.99625301361084,43,training
23,8.997720718383789,43,training
24,9.010163307189941,43,training
25,8.992804527282715,43,training
26,8.986441612243652,43,training
27,8.997631072998047,43,training
28,8.991847038269043,43,training
29,8.989566802978516,43,training
30,8.988456726074219,43,training
31,9.002127647399902,43,training
32,9.005556106567383,43,training
0,11.951789855957031,44,training
1,9.23638916015625,44,training
2,9.20185661315918,44,training
3,9.144103050231934,44,training
4,9.11366081237793,44,training
5,9.099159240722656,44,training
6,9.102813720703125,44,training
7,9.094785690307617,44,training
8,9.084000587463379,44,training
9,9.067696571350098,44,training
10,9.060779571533203,44,training
11,9.043891906738281,44,training
12,9.034422874450684,44,training
13,9.05471134185791,44,training
14,9.034700393676758,44,training
15,9.02297592163086,44,training
16,9.029702186584473,44,training
0,12.203404426574707,45,training
1,9.1835298538208,45,training
2,9.135387420654297,45,training
3,9.090476036071777,45,training
4,9.079033851623535,45,training
5,9.039810180664062,45,training
6,9.042136192321777,45,training
7,9.041972160339355,45,training
8,9.03543472290039,45,training
9,9.03589916229248,45,training
10,8.998529434204102,45,training
11,8.99220085144043,45,training
12,9.012568473815918,45,training
13,9.002408027648926,45,training
14,9.00075626373291,45,training
15,8.988039016723633,45,training
16,8.977376937866211,45,training
17,8.962096214294434,45,training
18,8.965096473693848,45,training
19,8.963232040405273,45,training
20,8.965272903442383,45,training
21,8.964569091796875,45,training
22,8.960689544677734,45,training
23,8.947240829467773,45,training
24,8.959844589233398,45,training
25,8.977155685424805,45,training
26,8.960444450378418,45,training
27,8.941579818725586,45,training
28,8.951703071594238,45,training
29,8.96169662475586,45,training
0,11.933300971984863,46,training
1,9.23847484588623,46,training
2,9.185311317443848,46,training
3,9.113892555236816,46,training
4,9.111083030700684,46,training
5,9.110661506652832,46,training
6,9.079113960266113,46,training
7,9.070528030395508,46,training
8,9.064760208129883,46,training
9,9.05433464050293,46,training
10,9.043013572692871,46,training
11,9.030704498291016,46,training
12,9.02245807647705,46,training
13,9.020809173583984,46,training
14,9.012653350830078,46,training
15,9.019495010375977,46,training
16,9.005267143249512,46,training
17,9.006598472595215,46,training
18,8.997991561889648,46,training
19,9.005228996276855,46,training
20,8.99593734741211,46,training
21,8.99638557434082,46,training
22,9.005497932434082,46,training
23,8.999076843261719,46,training
24,8.99691390991211,46,training
25,8.996999740600586,46,training
26,8.972915649414062,46,training
27,8.984681129455566,46,training
28,8.98409652709961,46,training
29,8.979583740234375,46,training
0,12.280205726623535,47,training
1,9.19770622253418,47,training
2,9.191370964050293,47,training
3,9.118284225463867,47,training
4,9.079299926757812,47,training
5,9.086889266967773,47,training
6,9.054730415344238,47,training
7,9.06400203704834,47,training
8,9.057341575622559,47,training
9,9.056057929992676,47,training
10,9.029736518859863,47,training
11,9.028282165527344,47,training
12,9.020751953125,47,training
13,9.029694557189941,47,training
14,9.001728057861328,47,training
15,9.01203727722168,47,training
16,9.0136137008667,47,training
17,9.002562522888184,47,training
18,9.015763282775879,47,training
19,8.998228073120117,47,training
20,9.00078296661377,47,training
0,11.53947639465332,48,training
1,9.205617904663086,48,training
2,9.118268013000488,48,training
3,9.108659744262695,48,training
4,9.064266204833984,48,training
5,9.04218864440918,48,training
6,9.073792457580566,48,training
7,9.041708946228027,48,training
8,9.033262252807617,48,training
9,9.003755569458008,48,training
10,9.039161682128906,48,training
11,9.001009941101074,48,training
12,9.007493019104004,48,training
13,8.974489212036133,48,training
14,8.98951244354248,48,training
15,8.978816032409668,48,training
16,8.986905097961426,48,training
0,11.873249053955078,49,training
1,9.216880798339844,49,training
2,9.145023345947266,49,training
3,9.08549976348877,49,training
4,9.095083236694336,49,training
5,9.07412052154541,49,training
6,9.03679084777832,49,training
7,9.049882888793945,49,training
8,9.032875061035156,49,training
9,9.023106575012207,49,training
10,9.038716316223145,49,training
11,8.990221977233887,49,training
12,9.007545471191406,49,training
13,9.00765609741211,49,training
14,9.01645278930664,49,training
15,8.99740982055664,49,training
16,8.995231628417969,49,training
17,8.986583709716797,49,training
18,8.99866008758545,49,training
19,8.979454040527344,49,training
20,8.994226455688477,49,training
21,8.988945960998535,49,training
22,8.973733901977539,49,training
0,10.121260643005371,0,validation
1,9.042658805847168,0,validation
2,9.297402381896973,0,validation
3,8.866141319274902,0,validation
4,8.87907600402832,0,validation
5,9.36240005493164,0,validation
6,9.08224868774414,0,validation
7,9.593179702758789,0,validation
8,8.840848922729492,0,validation
9,8.91344928741455,0,validation
10,9.140195846557617,0,validation
11,9.290971755981445,0,validation
12,9.122087478637695,0,validation
13,8.839696884155273,0,validation
14,9.07325267791748,0,validation
15,8.843390464782715,0,validation
16,9.038813591003418,0,validation
17,9.875483512878418,0,validation
18,9.118942260742188,0,validation
19,8.870525360107422,0,validation
20,9.439445495605469,0,validation
21,8.81864070892334,0,validation
22,9.055191993713379,0,validation
23,8.88430118560791,0,validation
24,8.85430908203125,0,validation
25,9.164325714111328,0,validation
26,8.859376907348633,0,validation
27,8.85806655883789,0,validation
28,9.047286987304688,0,validation
29,8.835806846618652,0,validation
30,8.81824779510498,0,validation
31,8.877862930297852,0,validation
32,8.957417488098145,0,validation
33,8.969314575195312,0,validation
34,8.979410171508789,0,validation
35,8.817359924316406,0,validation
36,8.851487159729004,0,validation
37,8.876734733581543,0,validation
38,8.836272239685059,0,validation
39,8.862722396850586,0,validation
40,8.916259765625,0,validation
41,8.902832984924316,0,validation
42,8.84733772277832,0,validation
43,9.0591402053833,0,validation
44,8.830201148986816,0,validation
45,8.831856727600098,0,validation
0,9.29004955291748,1,validation
1,9.555837631225586,1,validation
2,9.106851577758789,1,validation
3,8.974355697631836,1,validation
4,9.161276817321777,1,validation
5,9.310477256774902,1,validation
6,8.963647842407227,1,validation
7,9.068567276000977,1,validation
8,9.033308029174805,1,validation
9,9.037650108337402,1,validation
10,9.116108894348145,1,validation
11,8.970816612243652,1,validation
12,8.964052200317383,1,validation
13,8.988580703735352,1,validation
14,9.10538101196289,1,validation
15,9.307537078857422,1,validation
16,8.978304862976074,1,validation
0,9.90593147277832,2,validation
1,9.088464736938477,2,validation
2,9.046600341796875,2,validation
3,9.121513366699219,2,validation
4,9.410820007324219,2,validation
5,9.007243156433105,2,validation
6,9.252357482910156,2,validation
7,9.056562423706055,2,validation
8,9.187403678894043,2,validation
9,9.079217910766602,2,validation
10,9.090987205505371,2,validation
11,9.225702285766602,2,validation
12,9.162729263305664,2,validation
13,9.01085376739502,2,validation
14,9.104469299316406,2,validation
15,9.56486701965332,2,validation
0,9.034870147705078,3,validation
1,10.38966178894043,3,validation
2,9.08756160736084,3,validation
3,9.008016586303711,3,validation
4,9.029046058654785,3,validation
5,8.91051959991455,3,validation
6,9.550429344177246,3,validation
7,9.051884651184082,3,validation
8,9.096124649047852,3,validation
9,9.293899536132812,3,validation
10,8.943682670593262,3,validation
11,9.010248184204102,3,validation
12,9.413944244384766,3,validation
13,9.054412841796875,3,validation
14,8.972973823547363,3,validation
15,8.914695739746094,3,validation
0,8.677016258239746,4,validation
1,8.881683349609375,4,validation
2,8.829008102416992,4,validation
3,8.74003791809082,4,validation
4,8.64201545715332,4,validation
5,8.663805961608887,4,validation
6,8.699758529663086,4,validation
7,8.65567398071289,4,validation
8,8.851941108703613,4,validation
9,8.864530563354492,4,validation
10,9.078536033630371,4,validation
11,8.7219820022583,4,validation
12,8.697851181030273,4,validation
13,8.637450218200684,4,validation
14,8.688606262207031,4,validation
15,8.903935432434082,4,validation
16,8.960445404052734,4,validation
17,8.67895221710205,4,validation
18,8.921608924865723,4,validation
19,8.68892765045166,4,validation
20,8.63681697845459,4,validation
21,8.828563690185547,4,validation
22,8.830758094787598,4,validation
23,8.64198112487793,4,validation
24,8.745454788208008,4,validation
25,8.745638847351074,4,validation
26,8.696454048156738,4,validation
27,8.663422584533691,4,validation
28,8.801987648010254,4,validation
29,8.81577205657959,4,validation
30,8.658105850219727,4,validation
0,9.683451652526855,5,validation
1,9.001517295837402,5,validation
2,9.230511665344238,5,validation
3,9.014191627502441,5,validation
4,9.216442108154297,5,validation
5,9.058610916137695,5,validation
6,8.926803588867188,5,validation
7,9.109880447387695,5,validation
8,9.325672149658203,5,validation
9,9.08713150024414,5,validation
10,8.940982818603516,5,validation
11,8.967490196228027,5,validation
12,8.932479858398438,5,validation
13,9.012211799621582,5,validation
14,9.008084297180176,5,validation
15,9.353246688842773,5,validation
16,9.012052536010742,5,validation
0,9.285309791564941,6,validation
1,8.9696683883667,6,validation
2,9.361404418945312,6,validation
3,9.413065910339355,6,validation
4,8.93142318725586,6,validation
5,9.071715354919434,6,validation
6,8.809489250183105,6,validation
7,8.922233581542969,6,validation
8,9.103198051452637,6,validation
9,8.905694961547852,6,validation
10,8.84151840209961,6,validation
11,8.846166610717773,6,validation
12,8.837075233459473,6,validation
13,8.85916519165039,6,validation
14,9.024356842041016,6,validation
15,9.042628288269043,6,validation
16,8.855437278747559,6,validation
0,9.150552749633789,7,validation
1,8.979848861694336,7,validation
2,8.907307624816895,7,validation
3,9.19174861907959,7,validation
4,9.24948501586914,7,validation
5,9.100830078125,7,validation
6,8.997004508972168,7,validation
7,8.924928665161133,7,validation
8,9.146419525146484,7,validation
9,10.446826934814453,7,validation
10,9.524121284484863,7,validation
11,8.970968246459961,7,validation
12,8.984204292297363,7,validation
0,9.523538589477539,8,validation
1,8.875171661376953,8,validation
2,8.937215805053711,8,validation
3,9.047480583190918,8,validation
4,8.801636695861816,8,validation
5,8.951456069946289,8,validation
6,9.106335639953613,8,validation
7,8.909650802612305,8,validation
8,8.806855201721191,8,validation
9,8.990172386169434,8,validation
10,8.800505638122559,8,validation
11,8.815999984741211,8,validation
12,9.256114959716797,8,validation
13,8.84839153289795,8,validation
14,8.769676208496094,8,validation
15,8.978870391845703,8,validation
16,8.83104133605957,8,validation
17,8.907075881958008,8,validation
18,8.812263488769531,8,validation
19,8.796976089477539,8,validation
20,8.913883209228516,8,validation
21,8.896429061889648,8,validation
22,8.896319389343262,8,validation
23,8.926145553588867,8,validation
24,8.781411170959473,8,validation
0,9.668741226196289,9,validation
1,9.282474517822266,9,validation
2,9.045279502868652,9,validation
3,8.984970092773438,9,validation
4,9.080057144165039,9,validation
5,9.315937042236328,9,validation
6,9.277705192565918,9,validation
7,9.008933067321777,9,validation
8,9.101400375366211,9,validation
9,9.176679611206055,9,validation
10,8.933327674865723,9,validation
11,8.931408882141113,9,validation
12,9.377657890319824,9,validation
13,8.976242065429688,9,validation
14,9.114241600036621,9,validation
15,9.01584243774414,9,validation
16,9.020630836486816,9,validation
17,9.243532180786133,9,validation
18,9.014925003051758,9,validation
19,9.045953750610352,9,validation
20,8.971607208251953,9,validation
21,9.01193904876709,9,validation
0,9.085027694702148,10,validation
1,9.288371086120605,10,validation
2,9.512673377990723,10,validation
3,9.093696594238281,10,validation
4,9.223379135131836,10,validation
5,9.194448471069336,10,validation
6,9.094818115234375,10,validation
7,9.44448184967041,10,validation
8,9.198288917541504,10,validation
9,9.488837242126465,10,validation
10,9.149744033813477,10,validation
0,8.885069847106934,11,validation
1,8.915925025939941,11,validation
2,9.755885124206543,11,validation
3,9.110969543457031,11,validation
4,8.928130149841309,11,validation
5,9.04226303100586,11,validation
6,8.945693016052246,11,validation
7,9.677607536315918,11,validation
8,8.861406326293945,11,validation
9,8.97980785369873,11,validation
10,8.999404907226562,11,validation
11,8.964944839477539,11,validation
12,9.100749015808105,11,validation
13,8.938056945800781,11,validation
14,9.049012184143066,11,validation
15,8.985597610473633,11,validation
16,9.096504211425781,11,validation
17,8.970820426940918,11,validation
18,8.89569091796875,11,validation
0,9.063838958740234,12,validation
1,9.34587287902832,12,validation
2,9.036116600036621,12,validation
3,8.969878196716309,12,validation
4,8.959002494812012,12,validation
5,9.123627662658691,12,validation
6,8.930444717407227,12,validation
7,9.016353607177734,12,validation
8,8.865652084350586,12,validation
9,8.873493194580078,12,validation
10,9.027861595153809,12,validation
11,9.096110343933105,12,validation
12,8.937532424926758,12,validation
13,8.96678638458252,12,validation
14,9.40451431274414,12,validation
15,8.933091163635254,12,validation
16,8.950557708740234,12,validation
17,8.915216445922852,12,validation
18,9.113869667053223,12,validation
0,9.0809326171875,13,validation
1,8.985968589782715,13,validation
2,8.886072158813477,13,validation
3,8.940352439880371,13,validation
4,8.865519523620605,13,validation
5,8.842497825622559,13,validation
6,8.835803031921387,13,validation
7,9.679220199584961,13,validation
8,8.864564895629883,13,validation
9,8.975868225097656,13,validation
10,8.822306632995605,13,validation
11,8.919870376586914,13,validation
12,8.867959022521973,13,validation
13,8.863516807556152,13,validation
14,8.793840408325195,13,validation
15,8.836427688598633,13,validation
16,9.049549102783203,13,validation
17,8.807697296142578,13,validation
18,8.803865432739258,13,validation
19,8.792740821838379,13,validation
20,9.027291297912598,13,validation
21,9.077393531799316,13,validation
22,8.944154739379883,13,validation
23,8.872572898864746,13,validation
24,8.902851104736328,13,validation
25,8.920811653137207,13,validation
26,8.791919708251953,13,validation
27,9.17813491821289,13,validation
28,9.21596908569336,13,validation
29,8.865915298461914,13,validation
30,8.790301322937012,13,validation
31,8.922094345092773,13,validation
32,8.905238151550293,13,validation
33,8.874107360839844,13,validation
34,9.03320598602295,13,validation
35,9.619704246520996,13,validation
36,8.821152687072754,13,validation
37,8.873449325561523,13,validation
38,8.819122314453125,13,validation
39,9.524847030639648,13,validation
40,8.904718399047852,13,validation
0,8.974947929382324,14,validation
1,9.132768630981445,14,validation
2,8.981340408325195,14,validation
3,9.008329391479492,14,validation
4,8.77949333190918,14,validation
5,8.871357917785645,14,validation
6,8.870209693908691,14,validation
7,8.81503677368164,14,validation
8,8.894394874572754,14,validation
9,9.169672966003418,14,validation
10,8.774992942810059,14,validation
11,8.86863899230957,14,validation
12,8.757274627685547,14,validation
13,8.814193725585938,14,validation
14,9.09201431274414,14,validation
15,8.945545196533203,14,validation
16,8.828237533569336,14,validation
17,8.868409156799316,14,validation
18,9.215192794799805,14,validation
19,8.94168758392334,14,validation
20,8.757368087768555,14,validation
21,9.023226737976074,14,validation
22,8.962133407592773,14,validation
0,8.892033576965332,15,validation
1,8.766342163085938,15,validation
2,8.834822654724121,15,validation
3,9.154413223266602,15,validation
4,8.820666313171387,15,validation
5,8.802478790283203,15,validation
6,9.141895294189453,15,validation
7,8.825450897216797,15,validation
8,8.743171691894531,15,validation
9,9.760722160339355,15,validation
10,8.755758285522461,15,validation
11,8.799561500549316,15,validation
12,8.99150562286377,15,validation
13,8.881082534790039,15,validation
14,8.756312370300293,15,validation
15,8.786726951599121,15,validation
16,8.768647193908691,15,validation
17,9.09521770477295,15,validation
18,8.855713844299316,15,validation
0,9.074565887451172,16,validation
1,9.288532257080078,16,validation
2,9.504945755004883,16,validation
3,9.196113586425781,16,validation
4,9.308669090270996,16,validation
5,9.021830558776855,16,validation
6,9.071919441223145,16,validation
7,8.916333198547363,16,validation
8,9.318411827087402,16,validation
9,9.056056022644043,16,validation
10,9.607497215270996,16,validation
11,8.934504508972168,16,validation
12,9.205503463745117,16,validation
13,8.975680351257324,16,validation
14,8.935406684875488,16,validation
15,9.138055801391602,16,validation
16,8.904877662658691,16,validation
17,8.911529541015625,16,validation
18,8.933741569519043,16,validation
19,8.904620170593262,16,validation
20,9.329507827758789,16,validation
21,9.019060134887695,16,validation
22,8.916350364685059,16,validation
23,8.977961540222168,16,validation
24,8.965084075927734,16,validation
25,8.917113304138184,16,validation
26,8.941563606262207,16,validation
27,9.377314567565918,16,validation
28,8.910198211669922,16,validation
29,9.031353950500488,16,validation
0,9.228219985961914,17,validation
1,9.016237258911133,17,validation
2,9.040403366088867,17,validation
3,9.136055946350098,17,validation
4,9.683640480041504,17,validation
5,9.739252090454102,17,validation
6,9.39146614074707,17,validation
7,9.088976860046387,17,validation
8,9.010126113891602,17,validation
9,9.01908016204834,17,validation
10,9.112801551818848,17,validation
11,9.075726509094238,17,validation
12,9.032084465026855,17,validation
13,9.182413101196289,17,validation
14,9.362401962280273,17,validation
15,9.124750137329102,17,validation
16,9.007383346557617,17,validation
17,9.034380912780762,17,validation
18,9.210355758666992,17,validation
19,9.535962104797363,17,validation
20,9.196392059326172,17,validation
21,9.117430686950684,17,validation
22,9.154414176940918,17,validation
23,9.043472290039062,17,validation
24,9.099355697631836,17,validation
25,9.015033721923828,17,validation
26,9.219403266906738,17,validation
0,9.892659187316895,18,validation
1,8.999712944030762,18,validation
2,9.236867904663086,18,validation
3,8.980827331542969,18,validation
4,8.950790405273438,18,validation
5,8.893084526062012,18,validation
6,8.89790153503418,18,validation
7,8.910197257995605,18,validation
8,9.189088821411133,18,validation
9,8.944153785705566,18,validation
10,8.871838569641113,18,validation
11,8.947111129760742,18,validation
12,8.837569236755371,18,validation
13,8.858536720275879,18,validation
14,8.927993774414062,18,validation
15,8.865978240966797,18,validation
16,9.10174560546875,18,validation
17,9.01149845123291,18,validation
18,9.372064590454102,18,validation
19,9.14840316772461,18,validation
20,8.955948829650879,18,validation
21,9.187091827392578,18,validation
22,8.907464027404785,18,validation
0,9.322460174560547,19,validation
1,8.925423622131348,19,validation
2,8.921432495117188,19,validation
3,8.873945236206055,19,validation
4,9.390558242797852,19,validation
5,8.875038146972656,19,validation
6,8.837011337280273,19,validation
7,8.821684837341309,19,validation
8,9.234846115112305,19,validation
9,9.012112617492676,19,validation
10,8.860459327697754,19,validation
11,9.206379890441895,19,validation
12,8.933969497680664,19,validation
13,8.878257751464844,19,validation
14,8.921792984008789,19,validation
15,8.832319259643555,19,validation
16,8.916682243347168,19,validation
17,8.883418083190918,19,validation
0,8.827934265136719,20,validation
1,8.787893295288086,20,validation
2,8.85497760772705,20,validation
3,8.785107612609863,20,validation
4,9.285518646240234,20,validation
5,8.751788139343262,20,validation
6,8.725613594055176,20,validation
7,8.788474082946777,20,validation
8,8.737943649291992,20,validation
9,8.891362190246582,20,validation
10,9.612979888916016,20,validation
11,8.732335090637207,20,validation
12,9.015125274658203,20,validation
13,8.845756530761719,20,validation
14,8.971372604370117,20,validation
15,8.746109008789062,20,validation
16,8.87713623046875,20,validation
0,9.586657524108887,21,validation
1,8.823147773742676,21,validation
2,9.181435585021973,21,validation
3,9.699892044067383,21,validation
4,8.918575286865234,21,validation
5,8.961448669433594,21,validation
6,8.808472633361816,21,validation
7,8.906394958496094,21,validation
8,9.189579010009766,21,validation
9,8.849663734436035,21,validation
10,8.898384094238281,21,validation
11,8.929342269897461,21,validation
12,9.205586433410645,21,validation
13,8.874939918518066,21,validation
14,8.871708869934082,21,validation
15,8.929570198059082,21,validation
16,8.818153381347656,21,validation
0,10.546160697937012,22,validation
1,9.188373565673828,22,validation
2,8.924165725708008,22,validation
3,8.928009033203125,22,validation
4,8.984768867492676,22,validation
5,8.95331859588623,22,validation
6,9.091136932373047,22,validation
7,9.081442832946777,22,validation
8,9.124141693115234,22,validation
9,8.9453706741333,22,validation
10,9.032379150390625,22,validation
11,8.959151268005371,22,validation
12,9.02636432647705,22,validation
0,10.193825721740723,23,validation
1,9.41032886505127,23,validation
2,9.138177871704102,23,validation
3,9.32182788848877,23,validation
4,9.399368286132812,23,validation
5,9.216344833374023,23,validation
6,9.113851547241211,23,validation
7,9.224776268005371,23,validation
8,9.369422912597656,23,validation
9,9.17734146118164,23,validation
10,9.505858421325684,23,validation
11,9.56468677520752,23,validation
12,9.709184646606445,23,validation
13,9.583672523498535,23,validation
14,9.164941787719727,23,validation
15,9.286685943603516,23,validation
16,9.122669219970703,23,validation
0,8.978700637817383,24,validation
1,9.052135467529297,24,validation
2,8.821535110473633,24,validation
3,9.058774948120117,24,validation
4,8.861184120178223,24,validation
5,8.800984382629395,24,validation
6,8.979416847229004,24,validation
7,8.786775588989258,24,validation
8,8.771529197692871,24,validation
9,8.931468963623047,24,validation
10,8.828351974487305,24,validation
11,8.818187713623047,24,validation
12,8.898213386535645,24,validation
13,8.818424224853516,24,validation
14,8.8053617477417,24,validation
15,8.873703956604004,24,validation
16,8.854817390441895,24,validation
17,8.782060623168945,24,validation
18,8.768463134765625,24,validation
19,8.78726863861084,24,validation
20,8.818794250488281,24,validation
21,8.965431213378906,24,validation
22,8.767671585083008,24,validation
23,8.763531684875488,24,validation
24,9.177632331848145,24,validation
25,8.807317733764648,24,validation
26,8.822518348693848,24,validation
27,8.919615745544434,24,validation
28,8.831616401672363,24,validation
29,8.846774101257324,24,validation
30,8.839365005493164,24,validation
31,8.9374361038208,24,validation
32,8.769718170166016,24,validation
33,8.909578323364258,24,validation
0,9.736201286315918,25,validation
1,8.921178817749023,25,validation
2,8.893266677856445,25,validation
3,8.90082836151123,25,validation
4,8.930621147155762,25,validation
5,8.921843528747559,25,validation
6,8.984293937683105,25,validation
7,8.983620643615723,25,validation
8,9.326695442199707,25,validation
9,9.091754913330078,25,validation
10,9.441537857055664,25,validation
11,8.846774101257324,25,validation
12,8.831059455871582,25,validation
13,9.000415802001953,25,validation
14,9.322930335998535,25,validation
15,8.967390060424805,25,validation
16,8.832624435424805,25,validation
17,8.823586463928223,25,validation
18,8.821775436401367,25,validation
19,8.833268165588379,25,validation
20,8.828435897827148,25,validation
21,8.84263801574707,25,validation
22,9.262872695922852,25,validation
23,8.94106674194336,25,validation
24,8.881672859191895,25,validation
25,9.13913345336914,25,validation
26,8.884712219238281,25,validation
27,8.914162635803223,25,validation
28,9.043357849121094,25,validation
0,9.519189834594727,26,validation
1,9.050271034240723,26,validation
2,9.074435234069824,26,validation
3,9.072312355041504,26,validation
4,9.078035354614258,26,validation
5,9.064126014709473,26,validation
6,9.035492897033691,26,validation
7,8.922429084777832,26,validation
8,9.461929321289062,26,validation
9,8.926579475402832,26,validation
10,9.474510192871094,26,validation
11,9.395744323730469,26,validation
12,9.08126163482666,26,validation
13,9.011614799499512,26,validation
14,8.967758178710938,26,validation
15,9.004311561584473,26,validation
16,9.03808879852295,26,validation
17,9.003931045532227,26,validation
0,9.015263557434082,27,validation
1,8.98177719116211,27,validation
2,9.029403686523438,27,validation
3,8.829731941223145,27,validation
4,9.146864891052246,27,validation
5,8.997443199157715,27,validation
6,8.77585220336914,27,validation
7,9.061410903930664,27,validation
8,9.554795265197754,27,validation
9,9.01801872253418,27,validation
10,8.788272857666016,27,validation
11,8.85622501373291,27,validation
12,8.89687442779541,27,validation
13,8.939506530761719,27,validation
14,8.816672325134277,27,validation
15,8.985312461853027,27,validation
16,9.022684097290039,27,validation
0,9.089118003845215,28,validation
1,9.129670143127441,28,validation
2,9.0681791305542,28,validation
3,9.034534454345703,28,validation
4,9.470895767211914,28,validation
5,9.066898345947266,28,validation
6,9.030660629272461,28,validation
7,9.039380073547363,28,validation
8,9.315232276916504,28,validation
9,8.998137474060059,28,validation
10,9.133901596069336,28,validation
11,9.000154495239258,28,validation
12,9.779019355773926,28,validation
13,9.028018951416016,28,validation
14,8.99178695678711,28,validation
15,8.975603103637695,28,validation
16,9.024497985839844,28,validation
17,9.650598526000977,28,validation
18,9.426719665527344,28,validation
19,9.193859100341797,28,validation
20,9.40187931060791,28,validation
21,9.150495529174805,28,validation
22,9.072135925292969,28,validation
23,9.35279369354248,28,validation
24,9.007416725158691,28,validation
25,9.100972175598145,28,validation
0,9.349381446838379,29,validation
1,8.991759300231934,29,validation
2,8.898066520690918,29,validation
3,8.897856712341309,29,validation
4,9.273201942443848,29,validation
5,8.820216178894043,29,validation
6,8.823445320129395,29,validation
7,8.929481506347656,29,validation
8,8.851318359375,29,validation
9,8.918240547180176,29,validation
10,9.163978576660156,29,validation
11,8.814398765563965,29,validation
12,8.96446704864502,29,validation
13,9.085440635681152,29,validation
14,8.943936347961426,29,validation
15,8.994593620300293,29,validation
16,9.030987739562988,29,validation
17,8.967156410217285,29,validation
18,8.802581787109375,29,validation
19,9.232730865478516,29,validation
20,8.810651779174805,29,validation
21,8.862793922424316,29,validation
22,8.847204208374023,29,validation
23,8.981240272521973,29,validation
24,8.86898136138916,29,validation
25,9.039572715759277,29,validation
26,8.952254295349121,29,validation
27,8.838102340698242,29,validation
28,8.90728759765625,29,validation
0,8.94006633758545,30,validation
1,9.102088928222656,30,validation
2,9.073953628540039,30,validation
3,9.250078201293945,30,validation
4,9.077547073364258,30,validation
5,9.014266014099121,30,validation
6,8.85952377319336,30,validation
7,8.904250144958496,30,validation
8,9.060470581054688,30,validation
9,8.850641250610352,30,validation
10,9.066996574401855,30,validation
11,9.007457733154297,30,validation
12,8.900289535522461,30,validation
13,8.865639686584473,30,validation
14,8.883611679077148,30,validation
15,8.864593505859375,30,validation
16,8.998876571655273,30,validation
17,9.16625690460205,30,validation
18,9.17076587677002,30,validation
19,9.138726234436035,30,validation
0,8.672818183898926,31,validation
1,8.969056129455566,31,validation
2,9.134391784667969,31,validation
3,8.817622184753418,31,validation
4,8.837872505187988,31,validation
5,8.930646896362305,31,validation
6,8.712596893310547,31,validation
7,8.837669372558594,31,validation
8,8.736551284790039,31,validation
9,8.732995986938477,31,validation
10,8.694350242614746,31,validation
0,9.133572578430176,32,validation
1,8.992156982421875,32,validation
2,8.893202781677246,32,validation
3,8.949347496032715,32,validation
4,9.095208168029785,32,validation
5,9.41728687286377,32,validation
6,9.146068572998047,32,validation
7,8.933297157287598,32,validation
8,9.018678665161133,32,validation
9,8.97884464263916,32,validation
10,9.113127708435059,32,validation
11,9.118741989135742,32,validation
12,8.844249725341797,32,validation
13,8.952269554138184,32,validation
14,9.073466300964355,32,validation
15,9.137480735778809,32,validation
16,9.119463920593262,32,validation
17,8.880011558532715,32,validation
18,8.891034126281738,32,validation
19,8.883108139038086,32,validation
20,9.109540939331055,32,validation
21,8.864821434020996,32,validation
22,8.98740291595459,32,validation
0,10.317713737487793,33,validation
1,9.467782020568848,33,validation
2,9.484175682067871,33,validation
3,9.18779468536377,33,validation
4,9.003826141357422,33,validation
5,9.158491134643555,33,validation
6,8.971482276916504,33,validation
7,8.961191177368164,33,validation
8,9.048296928405762,33,validation
9,9.053315162658691,33,validation
10,9.084783554077148,33,validation
11,9.098883628845215,33,validation
12,9.238182067871094,33,validation
13,9.009139060974121,33,validation
14,9.022342681884766,33,validation
15,9.044440269470215,33,validation
16,8.964966773986816,33,validation
17,9.284327507019043,33,validation
0,9.97884750366211,34,validation
1,9.401945114135742,34,validation
2,9.066739082336426,34,validation
3,9.010771751403809,34,validation
4,8.974769592285156,34,validation
5,8.980402946472168,34,validation
6,9.335111618041992,34,validation
7,9.080485343933105,34,validation
8,9.328258514404297,34,validation
9,9.028837203979492,34,validation
10,9.110215187072754,34,validation
11,9.067026138305664,34,validation
12,9.052002906799316,34,validation
13,9.149775505065918,34,validation
14,9.468733787536621,34,validation
0,9.871336936950684,35,validation
1,9.025805473327637,35,validation
2,8.960226058959961,35,validation
3,8.967493057250977,35,validation
4,9.424263000488281,35,validation
5,9.091736793518066,35,validation
6,9.745506286621094,35,validation
7,9.271585464477539,35,validation
8,8.96126937866211,35,validation
9,8.993673324584961,35,validation
10,9.103475570678711,35,validation
11,9.0241060256958,35,validation
12,8.98198413848877,35,validation
0,8.992817878723145,36,validation
1,9.032629013061523,36,validation
2,8.797550201416016,36,validation
3,8.897159576416016,36,validation
4,8.84615421295166,36,validation
5,9.008930206298828,36,validation
6,8.897342681884766,36,validation
7,8.716660499572754,36,validation
8,8.706955909729004,36,validation
9,8.982327461242676,36,validation
10,8.791338920593262,36,validation
11,8.715056419372559,36,validation
12,8.884575843811035,36,validation
13,9.24305534362793,36,validation
14,8.769646644592285,36,validation
15,8.861576080322266,36,validation
16,8.745783805847168,36,validation
17,8.73409652709961,36,validation
18,8.875384330749512,36,validation
0,8.905420303344727,37,validation
1,9.27475643157959,37,validation
2,8.895735740661621,37,validation
3,8.94970989227295,37,validation
4,8.914978981018066,37,validation
5,10.075417518615723,37,validation
6,8.965865135192871,37,validation
7,8.91591739654541,37,validation
8,8.860200881958008,37,validation
9,8.938679695129395,37,validation
10,8.832521438598633,37,validation
11,8.878828048706055,37,validation
12,8.814838409423828,37,validation
13,8.819066047668457,37,validation
14,8.827569007873535,37,validation
15,9.226198196411133,37,validation
16,8.912269592285156,37,validation
17,8.906964302062988,37,validation
18,8.916911125183105,37,validation
19,9.046856880187988,37,validation
20,8.939159393310547,37,validation
21,8.825289726257324,37,validation
22,8.835094451904297,37,validation
0,8.821032524108887,38,validation
1,8.998796463012695,38,validation
2,8.920814514160156,38,validation
3,8.916340827941895,38,validation
4,9.049551963806152,38,validation
5,8.802278518676758,38,validation
6,9.58409309387207,38,validation
7,8.847830772399902,38,validation
8,9.75000286102295,38,validation
9,9.068037033081055,38,validation
10,8.918664932250977,38,validation
11,8.834784507751465,38,validation
12,8.92046070098877,38,validation
13,8.984564781188965,38,validation
14,8.814784049987793,38,validation
15,8.949149131774902,38,validation
0,9.317914962768555,39,validation
1,9.616755485534668,39,validation
2,9.218656539916992,39,validation
3,9.353164672851562,39,validation
4,9.312402725219727,39,validation
5,9.137798309326172,39,validation
6,9.195615768432617,39,validation
7,9.486113548278809,39,validation
8,9.199233055114746,39,validation
9,9.070876121520996,39,validation
10,9.098335266113281,39,validation
11,9.052777290344238,39,validation
12,9.147915840148926,39,validation
13,10.16843318939209,39,validation
14,9.06628704071045,39,validation
15,9.56716537475586,39,validation
16,9.198366165161133,39,validation
17,9.061236381530762,39,validation
18,9.161887168884277,39,validation
19,9.102877616882324,39,validation
20,9.137136459350586,39,validation
21,9.072339057922363,39,validation
0,8.924635887145996,40,validation
1,9.043149948120117,40,validation
2,9.137582778930664,40,validation
3,8.969773292541504,40,validation
4,9.346623420715332,40,validation
5,8.943142890930176,40,validation
6,8.935497283935547,40,validation
7,9.071454048156738,40,validation
8,9.415661811828613,40,validation
9,9.023061752319336,40,validation
10,9.825638771057129,40,validation
0,9.245535850524902,41,validation
1,9.180525779724121,41,validation
2,9.134114265441895,41,validation
3,9.211170196533203,41,validation
4,9.056283950805664,41,validation
5,9.571188926696777,41,validation
6,9.24415397644043,41,validation
7,9.33012866973877,41,validation
8,9.14169979095459,41,validation
9,9.437103271484375,41,validation
10,9.19480037689209,41,validation
11,9.137969017028809,41,validation
12,9.089481353759766,41,validation
13,9.584099769592285,41,validation
14,9.07060432434082,41,validation
0,9.214972496032715,42,validation
1,9.440825462341309,42,validation
2,9.21596622467041,42,validation
3,9.412330627441406,42,validation
4,8.97326946258545,42,validation
5,9.203812599182129,42,validation
6,8.969404220581055,42,validation
7,9.183016777038574,42,validation
8,9.119138717651367,42,validation
9,9.032990455627441,42,validation
10,8.932373046875,42,validation
11,9.360642433166504,42,validation
12,9.08096694946289,42,validation
13,9.07392692565918,42,validation
14,8.942766189575195,42,validation
15,9.118823051452637,42,validation
16,8.939404487609863,42,validation
17,9.955827713012695,42,validation
18,9.278897285461426,42,validation
19,9.103317260742188,42,validation
20,9.007469177246094,42,validation
0,9.079009056091309,43,validation
1,8.818608283996582,43,validation
2,8.92892837524414,43,validation
3,8.77819538116455,43,validation
4,8.818648338317871,43,validation
5,10.080853462219238,43,validation
6,9.28013801574707,43,validation
7,8.776785850524902,43,validation
8,8.839282989501953,43,validation
9,9.142890930175781,43,validation
10,8.822999954223633,43,validation
11,9.2617769241333,43,validation
12,8.774460792541504,43,validation
13,8.912575721740723,43,validation
14,8.8065767288208,43,validation
15,9.090204238891602,43,validation
16,8.758125305175781,43,validation
17,9.53248119354248,43,validation
18,8.946949005126953,43,validation
19,8.750609397888184,43,validation
20,8.89478874206543,43,validation
21,8.874593734741211,43,validation
22,8.738713264465332,43,validation
23,8.765472412109375,43,validation
24,8.74909782409668,43,validation
25,8.844006538391113,43,validation
26,8.917713165283203,43,validation
27,8.845155715942383,43,validation
28,8.831151008605957,43,validation
29,8.777520179748535,43,validation
30,8.784818649291992,43,validation
31,8.87527847290039,43,validation
32,8.781713485717773,43,validation
0,8.961063385009766,44,validation
1,8.994104385375977,44,validation
2,9.713324546813965,44,validation
3,8.997939109802246,44,validation
4,8.98664379119873,44,validation
5,8.764897346496582,44,validation
6,8.75710678100586,44,validation
7,9.475273132324219,44,validation
8,8.9011869430542,44,validation
9,9.697639465332031,44,validation
10,8.983661651611328,44,validation
11,8.792531967163086,44,validation
12,9.065801620483398,44,validation
13,8.770527839660645,44,validation
14,9.089056015014648,44,validation
15,8.769123077392578,44,validation
16,8.932960510253906,44,validation
0,9.036349296569824,45,validation
1,10.014488220214844,45,validation
2,8.976327896118164,45,validation
3,8.942391395568848,45,validation
4,9.053566932678223,45,validation
5,9.324234008789062,45,validation
6,9.165736198425293,45,validation
7,8.993006706237793,45,validation
8,9.149438858032227,45,validation
9,9.00749397277832,45,validation
10,9.237229347229004,45,validation
11,9.101531028747559,45,validation
12,9.028698921203613,45,validation
13,8.928706169128418,45,validation
14,9.468135833740234,45,validation
15,9.054790496826172,45,validation
16,9.307982444763184,45,validation
17,9.027325630187988,45,validation
18,9.20750904083252,45,validation
19,8.907796859741211,45,validation
20,9.040855407714844,45,validation
21,9.025617599487305,45,validation
22,8.925410270690918,45,validation
23,8.938586235046387,45,validation
24,8.921056747436523,45,validation
25,9.071046829223633,45,validation
26,9.151495933532715,45,validation
27,8.924294471740723,45,validation
28,8.972412109375,45,validation
29,8.926858901977539,45,validation
0,10.277764320373535,46,validation
1,9.620888710021973,46,validation
2,9.105181694030762,46,validation
3,9.261702537536621,46,validation
4,8.951966285705566,46,validation
5,8.906885147094727,46,validation
6,8.949932098388672,46,validation
7,9.061809539794922,46,validation
8,8.835302352905273,46,validation
9,9.031815528869629,46,validation
10,9.284656524658203,46,validation
11,8.858332633972168,46,validation
12,8.826034545898438,46,validation
13,8.938464164733887,46,validation
14,8.920042037963867,46,validation
15,9.091265678405762,46,validation
16,8.95422649383545,46,validation
17,8.927789688110352,46,validation
18,8.906375885009766,46,validation
19,8.794492721557617,46,validation
20,8.81026554107666,46,validation
21,9.133126258850098,46,validation
22,8.852241516113281,46,validation
23,8.808938026428223,46,validation
24,9.040605545043945,46,validation
25,8.849554061889648,46,validation
26,8.914306640625,46,validation
27,9.21424674987793,46,validation
28,8.836101531982422,46,validation
29,8.900758743286133,46,validation
0,8.87806224822998,47,validation
1,8.8468017578125,47,validation
2,8.857246398925781,47,validation
3,8.961976051330566,47,validation
4,8.799234390258789,47,validation
5,8.909276962280273,47,validation
6,8.84390926361084,47,validation
7,8.871611595153809,47,validation
8,8.899625778198242,47,validation
9,8.845542907714844,47,validation
10,8.790653228759766,47,validation
11,8.830412864685059,47,validation
12,8.873490333557129,47,validation
13,8.802978515625,47,validation
14,8.838234901428223,47,validation
15,8.835451126098633,47,validation
16,8.819148063659668,47,validation
17,8.8420991897583,47,validation
18,8.919977188110352,47,validation
19,8.831191062927246,47,validation
20,8.812389373779297,47,validation
0,11.034086227416992,48,validation
1,9.044800758361816,48,validation
2,9.168156623840332,48,validation
3,8.990095138549805,48,validation
4,8.98592472076416,48,validation
5,9.019033432006836,48,validation
6,8.970026016235352,48,validation
7,8.985108375549316,48,validation
8,9.417113304138184,48,validation
9,9.025346755981445,48,validation
10,8.981659889221191,48,validation
11,9.030091285705566,48,validation
12,9.062919616699219,48,validation
13,9.03884220123291,48,validation
14,8.988069534301758,48,validation
15,9.015722274780273,48,validation
16,9.251587867736816,48,validation
0,8.883520126342773,49,validation
1,9.56834888458252,49,validation
2,8.933852195739746,49,validation
3,9.116146087646484,49,validation
4,9.192036628723145,49,validation
5,9.323870658874512,49,validation
6,8.912293434143066,49,validation
7,8.896773338317871,49,validation
8,8.907068252563477,49,validation
9,8.875789642333984,49,validation
10,8.931142807006836,49,validation
11,9.015274047851562,49,validation
12,8.874336242675781,49,validation
13,9.298707962036133,49,validation
14,9.101451873779297,49,validation
15,8.9630708694458,49,validation
16,9.068726539611816,49,validation
17,9.03021240234375,49,validation
18,8.906953811645508,49,validation
19,8.925849914550781,49,validation
20,9.022207260131836,49,validation
21,8.927968978881836,49,validation
22,8.88358211517334,49,validation
